{
  "mu_samples": [
    {
      "p": 2,
      "n": 1,
      "chi_sum": -0.11064507999999981,
      "mu_slope": -2.201427678001447
    },
    {
      "p": 2,
      "n": 2,
      "chi_sum": -0.16202860000000097,
      "mu_slope": -0.9099912080608945
    },
    {
      "p": 2,
      "n": 3,
      "chi_sum": -0.41510693060053755,
      "mu_slope": -0.29307304261448347
    },
    {
      "p": 2,
      "n": 4,
      "chi_sum": -1.5811576645846568,
      "mu_slope": 0.11453931946253598
    },
    {
      "p": 2,
      "n": 5,
      "chi_sum": -6.951326049334738,
      "mu_slope": 0.3877864879684837
    },
    {
      "p": 2,
      "n": 6,
      "chi_sum": 4.890104173358407,
      "mu_slope": 0.2645356011008575
    },
    {
      "p": 2,
      "n": 7,
      "chi_sum": 12.367059121389238,
      "mu_slope": 0.3592909164749951
    },
    {
      "p": 2,
      "n": 8,
      "chi_sum": 4.060089246045937,
      "mu_slope": 0.17515061939459486
    },
    {
      "p": 3,
      "n": 1,
      "chi_sum": -0.1277357050000016,
      "mu_slope": -2.0577919543981333
    },
    {
      "p": 3,
      "n": 2,
      "chi_sum": -0.0843264112488244,
      "mu_slope": -1.236530081172472
    },
    {
      "p": 3,
      "n": 3,
      "chi_sum": 1.315744119175821,
      "mu_slope": 0.09146745856043331
    },
    {
      "p": 3,
      "n": 4,
      "chi_sum": 38.15603450543992,
      "mu_slope": 0.9104209809019879
    },
    {
      "p": 3,
      "n": 5,
      "chi_sum": 3.2055694432199187,
      "mu_slope": 0.23297794959642718
    },
    {
      "p": 3,
      "n": 6,
      "chi_sum": 16.972527371747375,
      "mu_slope": 0.47193266665065825
    },
    {
      "p": 3,
      "n": 7,
      "chi_sum": 19.489160690862033,
      "mu_slope": 0.4242654927162951
    },
    {
      "p": 3,
      "n": 8,
      "chi_sum": 19.783072835620043,
      "mu_slope": 0.3731033330958657
    },
    {
      "p": 5,
      "n": 1,
      "chi_sum": -0.20813059019182573,
      "mu_slope": -1.569589558827602
    },
    {
      "p": 5,
      "n": 2,
      "chi_sum": -1.5973672264937964,
      "mu_slope": 0.2341783952547664
    },
    {
      "p": 5,
      "n": 3,
      "chi_sum": 13.987231206379802,
      "mu_slope": 0.8793816189171103
    },
    {
      "p": 5,
      "n": 4,
      "chi_sum": 16.01630928410476,
      "mu_slope": 0.6934018833330032
    },
    {
      "p": 5,
      "n": 5,
      "chi_sum": 19.65751164850458,
      "mu_slope": 0.5956919074912801
    },
    {
      "p": 5,
      "n": 6,
      "chi_sum": 19.813499162387817,
      "mu_slope": 0.497727246879178
    },
    {
      "p": 5,
      "n": 7,
      "chi_sum": 19.81975560651636,
      "mu_slope": 0.42666845688225524
    },
    {
      "p": 5,
      "n": 8,
      "chi_sum": 19.820005891417164,
      "mu_slope": 0.3733364782684838
    },
    {
      "p": 7,
      "n": 1,
      "chi_sum": -0.03854001209276996,
      "mu_slope": -3.2560583022240417
    },
    {
      "p": 7,
      "n": 2,
      "chi_sum": -29.414107959577482,
      "mu_slope": 1.690737210909037
    },
    {
      "p": 7,
      "n": 3,
      "chi_sum": 9.110067774526238,
      "mu_slope": 0.7364600502729909
    },
    {
      "p": 7,
      "n": 4,
      "chi_sum": 19.54525069362238,
      "mu_slope": 0.7431830814115702
    },
    {
      "p": 7,
      "n": 5,
      "chi_sum": 19.81438352070788,
      "mu_slope": 0.5972816228820281
    },
    {
      "p": 7,
      "n": 6,
      "chi_sum": 19.819901354342377,
      "mu_slope": 0.4977810919688143
    },
    {
      "p": 7,
      "n": 7,
      "chi_sum": 19.820013973757696,
      "mu_slope": 0.4266703191335396
    },
    {
      "p": 7,
      "n": 8,
      "chi_sum": 19.8200162721175,
      "mu_slope": 0.37333654373704167
    },
    {
      "p": 11,
      "n": 1,
      "chi_sum": -0.2860653434493441,
      "mu_slope": -1.2515350206592972
    },
    {
      "p": 11,
      "n": 2,
      "chi_sum": 16.363010202005754,
      "mu_slope": 1.397511655963359
    },
    {
      "p": 11,
      "n": 3,
      "chi_sum": 18.935154746772422,
      "mu_slope": 0.9803400779486577
    },
    {
      "p": 11,
      "n": 4,
      "chi_sum": 19.81259381938612,
      "mu_slope": 0.7465794467474062
    },
    {
      "p": 11,
      "n": 5,
      "chi_sum": 19.81995496949464,
      "mu_slope": 0.5973378513852471
    },
    {
      "p": 11,
      "n": 6,
      "chi_sum": 19.820015812970507,
      "mu_slope": 0.497782054455085
    },
    {
      "p": 11,
      "n": 7,
      "chi_sum": 19.820016315809678,
      "mu_slope": 0.42667033601439724
    },
    {
      "p": 11,
      "n": 8,
      "chi_sum": 19.820016319965376,
      "mu_slope": 0.3733365440388065
    },
    {
      "p": 13,
      "n": 1,
      "chi_sum": -0.624245457555318,
      "mu_slope": -0.47121162649219267
    },
    {
      "p": 13,
      "n": 2,
      "chi_sum": 1.4848435600860943,
      "mu_slope": 0.1976547099809671
    },
    {
      "p": 13,
      "n": 3,
      "chi_sum": 19.49214918837818,
      "mu_slope": 0.9900039262593537
    },
    {
      "p": 13,
      "n": 4,
      "chi_sum": 19.818065646850933,
      "mu_slope": 0.7466484820293481
    },
    {
      "p": 13,
      "n": 5,
      "chi_sum": 19.820004777182398,
      "mu_slope": 0.5973383539860376
    },
    {
      "p": 13,
      "n": 6,
      "chi_sum": 19.820016251699293,
      "mu_slope": 0.49778205814435866
    },
    {
      "p": 13,
      "n": 7,
      "chi_sum": 19.820016319595855,
      "mu_slope": 0.4266703360416869
    },
    {
      "p": 13,
      "n": 8,
      "chi_sum": 19.82001631999762,
      "mu_slope": 0.3733365440390099
    },
    {
      "p": 17,
      "n": 1,
      "chi_sum": -2.4926087001243444,
      "mu_slope": 0.9133298327853144
    },
    {
      "p": 17,
      "n": 2,
      "chi_sum": 6.176712304621523,
      "mu_slope": 0.9103930701847563
    },
    {
      "p": 17,
      "n": 3,
      "chi_sum": 19.754163435562667,
      "mu_slope": 0.9944547586648063
    },
    {
      "p": 17,
      "n": 4,
      "chi_sum": 19.81978820574877,
      "mu_slope": 0.7466702107398041
    },
    {
      "p": 17,
      "n": 5,
      "chi_sum": 19.820015530674343,
      "mu_slope": 0.5973384624975052
    },
    {
      "p": 17,
      "n": 6,
      "chi_sum": 19.82001631726876,
      "mu_slope": 0.49778205869573283
    },
    {
      "p": 17,
      "n": 7,
      "chi_sum": 19.82001631999055,
      "mu_slope": 0.4266703360445318
    },
    {
      "p": 17,
      "n": 8,
      "chi_sum": 19.820016319999965,
      "mu_slope": 0.37333654403902466
    },
    {
      "p": 19,
      "n": 1,
      "chi_sum": -1.57003854701066,
      "mu_slope": 0.4511001712949046
    },
    {
      "p": 19,
      "n": 2,
      "chi_sum": 9.922044149099348,
      "mu_slope": 1.1473794817429523
    },
    {
      "p": 19,
      "n": 3,
      "chi_sum": 19.78621146591371,
      "mu_slope": 0.9949951014991657
    },
    {
      "p": 19,
      "n": 4,
      "chi_sum": 19.819922625099505,
      "mu_slope": 0.7466719062535694
    },
    {
      "p": 19,
      "n": 5,
      "chi_sum": 19.82001606045692,
      "mu_slope": 0.5973384678434401
    },
    {
      "p": 19,
      "n": 6,
      "chi_sum": 19.82001631928105,
      "mu_slope": 0.4977820587126542
    },
    {
      "p": 19,
      "n": 7,
      "chi_sum": 19.820016319998004,
      "mu_slope": 0.4266703360445855
    },
    {
      "p": 19,
      "n": 8,
      "chi_sum": 19.820016319999997,
      "mu_slope": 0.3733365440390249
    }
  ]
}
