mean_r	min_r	N	k	tested	primes	phi	nonce
0.59673	0.192152	152145	6	6	19 23 29 2 3 5	0.423544	ca52f1ee23fc76cd73f660987d08acca0bb8dd877c2056dc36dd8898c8ec9715
0.139870	0.013499	800000	79	25	2 3 5 7 11 13 17 19 23 29 31 37 41 43 47 53 59 61 67 71 73 79 83 89 97	0.423544	ca52f1ee23fc76cd73f660987d08acca0bb8dd877c2056dc36dd8898c8ec971500000000000000000000000000000000
0.139870	0.013499	800000	79	25	2 3 5 7 11 13 17 19 23 29 31 37 41 43 47 53 59 61 67 71 73 79 83 89 97	0.423544	ca52f1ee23fc76cd73f660987d08acca0bb8dd877c2056dc36dd8898c8ec971500000000000000000000000000000000
0.170707	0.007509	900000	69	25	2 3 5 7 11 13 17 19 23 29 31 37 41 43 47 53 59 61 67 71 73 79 83 89 97	0.034517	c37c038b08964d43be8bf2c9a18fb71e4f68e1c14d64f9233797c1ce5aff7d2f00000000000000000000000000000000
0.127827	0.011434	800000	70	25	2 3 5 7 11 13 17 19 23 29 31 37 41 43 47 53 59 61 67 71 73 79 83 89 97	0.369423	086e0c7eccd4bac4cd7b2807587f487b22e0ee6a37ae8de8407b2ab6aa41ee3400000000000000000000000000000000
0.157789	0.002107	500000	53	25	2 3 5 7 11 13 17 19 23 29 31 37 41 43 47 53 59 61 67 71 73 79 83 89 97	0.082190	3bfad2d977562cb39b8371c8f068a177d4bc98e92fb41f9bbab03ba067d0ec7800000000000000000000000000000000
0.168447	0.005626	800000	20	25	2 3 5 7 11 13 17 19 23 29 31 37 41 43 47 53 59 61 67 71 73 79 83 89 97	0.028865	48d6f15c41b67d124ffc3e9dec9e9474473519fd8fb69f0c14ec820974bc085100000000000000000000000000000000
0.160646	0.001806	500000	61	25	2 3 5 7 11 13 17 19 23 29 31 37 41 43 47 53 59 61 67 71 73 79 83 89 97	0.064342	350f091adc9269bbc87615eee36e82467439de1826007767edb7343c5fa4091800000000000000000000000000000000
0.171188	0.000349	100000	24	25	2 3 5 7 11 13 17 19 23 29 31 37 41 43 47 53 59 61 67 71 73 79 83 89 97	0.038258	6ca6eb310f4b6496c084f9c24c317b1b92624675bb0bafbb82a6dd52b5eb243400000000000000000000000000000000
0.142124	0.004223	200000	36	25	2 3 5 7 11 13 17 19 23 29 31 37 41 43 47 53 59 61 67 71 73 79 83 89 97	0.322272	763b7a86533907a284141c53cb5df28ea44f15d0956f96912e8ddab3ac7cd8ce00000000000000000000000000000000
0.213316	0.078099	500000	33	25	2 3 5 7 11 13 17 19 23 29 31 37 41 43 47 53 59 61 67 71 73 79 83 89 97	0.007147	2e84f1565cecbe1fbda041b3d8c873cf9ac8021df6af364e303b0bb3fd4d519f00000000000000000000000000000000
0.166505	0.000472	800000	106	25	2 3 5 7 11 13 17 19 23 29 31 37 41 43 47 53 59 61 67 71 73 79 83 89 97	0.048533	c5699bf6130cd7e8ea36db354e81631cd0cc95fe202add71e9d60039fd16323f00000000000000000000000000000000
0.120226	0.001281	600000	75	25	2 3 5 7 11 13 17 19 23 29 31 37 41 43 47 53 59 61 67 71 73 79 83 89 97	0.643605	ce402bd671f745c9ef1c48d27cca83a5407957288e240455ada42cdd2eadea9e00000000000000000000000000000000
0.221256	0.100940	600000	75	25	2 3 5 7 11 13 17 19 23 29 31 37 41 43 47 53 59 61 67 71 73 79 83 89 97	0.001116	ce402bd671f745c9ef1c48d27cca83a5407957288e240455ada42cdd2eadea9e00000000000000000000000000000000
0.221256	0.100940	400000	78	25	2 3 5 7 11 13 17 19 23 29 31 37 41 43 47 53 59 61 67 71 73 79 83 89 97	0.001116	b706881a8bcf3acc9cede52276693bf6c147f9020549c35ad223950c0e9d749400000000000000000000000000000000
0.220488	0.098692	200000	10	25	2 3 5 7 11 13 17 19 23 29 31 37 41 43 47 53 59 61 67 71 73 79 83 89 97	0.002445	8fb2b5edcaba9588705b18a387f65fb357e2923cea02253776b7969fba9b796900000000000000000000000000000000
0.219675	0.096324	599000	71	25	2 3 5 7 11 13 17 19 23 29 31 37 41 43 47 53 59 61 67 71 73 79 83 89 97	0.003317	71c9b8a534a0789ab786d8c8e35fc544c7a79a084877a51fa594d9565f41365700000000000000000000000000000000
0.221454	0.101520	297	61	25	2 3 5 7 11 13 17 19 23 29 31 37 41 43 47 53 59 61 67 71 73 79 83 89 97	0.000174	68ece22fb9f1de7628d79dbecfc75121e01411982921c2538f3a7a6a20222db300000000000000000000000000000000
0.179155	0.002904	604000	85	25	2 3 5 7 11 13 17 19 23 29 31 37 41 43 47 53 59 61 67 71 73 79 83 89 97	0.017341	91ee81125bbb314f8b4389b38050b03b2128e2f78d13038cc3a78c7fb5b7949d00000000000000000000000000000000
0.203903	0.052175	500000	67	25	2 3 5 7 11 13 17 19 23 29 31 37 41 43 47 53 59 61 67 71 73 79 83 89 97	0.010630	e6c0a1fcd9319f8f71d143cbb59c2fba29747981eb0c88e98a06b191456329d900000000000000000000000000000000
0.217372	0.089656	591000	81	25	2 3 5 7 11 13 17 19 23 29 31 37 41 43 47 53 59 61 67 71 73 79 83 89 97	0.005037	875dfc4f69616ef9e62897dd16ddabc2387ec977448b8cd3aac53ce699f64b1b00000000000000000000000000000000
0.208150	0.063713	10000	77	25	2 3 5 7 11 13 17 19 23 29 31 37 41 43 47 53 59 61 67 71 73 79 83 89 97	0.009201	d27babea11ef5278c9c19ddac2d772fb055e2bb7589d5e7116581cc87ae0fd0b00000000000000000000000000000000
0.221459	0.101534	9000000	77	25	2 3 5 7 11 13 17 19 23 29 31 37 41 43 47 53 59 61 67 71 73 79 83 89 97	0.000030	8285ba5d5a15382efe02796877fffa6c2d6d68e88659b381060d47ad1725037d00000000000000000000000000000000
0.221452	0.101514	6517	96	25	2 3 5 7 11 13 17 19 23 29 31 37 41 43 47 53 59 61 67 71 73 79 83 89 97	0.000210	5ecb3df9934ba2d0c028bbe2c44c1070c444ec1a42ebbf9c869bb7a71a29377200000000000000000000000000000000
0.221459	0.101534	9000000	71	25	2 3 5 7 11 13 17 19 23 29 31 37 41 43 47 53 59 61 67 71 73 79 83 89 97	0.000038	756f179c07f2a75e3eb4b611663f4ebddcca80e86cb9953f46a97b204d43fd2300000000000000000000000000000000
0.212760	0.076532	608000	67	25	2 3 5 7 11 13 17 19 23 29 31 37 41 43 47 53 59 61 67 71 73 79 83 89 97	0.007392	388cc14fe88839a3fea1864e4be8725b9348e2aa049c7954a80ac0864661e11a00000000000000000000000000000000
0.193439	0.024940	607000	81	25	2 3 5 7 11 13 17 19 23 29 31 37 41 43 47 53 59 61 67 71 73 79 83 89 97	0.013635	cc888cce32abbd3daf4abfe185152e4ec063b8c6ec10ef9f78d9a67817002a0000000000000000000000000000000000
0.173765	0.002139	513	97	25	2 3 5 7 11 13 17 19 23 29 31 37 41 43 47 53 59 61 67 71 73 79 83 89 97	0.019160	06a80aefa564b2d5bf7d1b71df3ce71ed79199826d91ff30399296183f27cace00000000000000000000000000000000
0.218789	0.093752	610000	69	25	2 3 5 7 11 13 17 19 23 29 31 37 41 43 47 53 59 61 67 71 73 79 83 89 97	0.004063	79a755cde7e1cf75a08266bbf15a03d3c780e9d4d4444fc069b7ffe2390c7d6400000000000000000000000000000000
0.221459	0.101534	200000	83	25	2 3 5 7 11 13 17 19 23 29 31 37 41 43 47 53 59 61 67 71 73 79 83 89 97	0.000029	46585d4d4c65eab961aeecdf74c6b269b2020d82538424deac589258d2cf83dd00000000000000000000000000000000
0.221376	0.101293	605000	85	25	2 3 5 7 11 13 17 19 23 29 31 37 41 43 47 53 59 61 67 71 73 79 83 89 97	0.000711	3cd49e444ce2e4be94a8dc5036e9cc1e2626fe3b8eda5a658e3c8018b477651300000000000000000000000000000000
0.221459	0.101535	2375	76	25	2 3 5 7 11 13 17 19 23 29 31 37 41 43 47 53 59 61 67 71 73 79 83 89 97	0.000012	b2ce20d7014e5f933afbed2ba81cdcfe338666a1247d6c43eb3b62c4581a142a00000000000000000000000000000000
0.215339	0.083835	70000	73	25	2 3 5 7 11 13 17 19 23 29 31 37 41 43 47 53 59 61 67 71 73 79 83 89 97	0.006179	9e0579677be595aabccef42e539794b036cb50fc73a23e87930eb9d96452e8ff00000000000000000000000000000000
0.217017	0.088638	600000	79	25	2 3 5 7 11 13 17 19 23 29 31 37 41 43 47 53 59 61 67 71 73 79 83 89 97	0.005253	bd032026e302899f114d5eea31d59b84903b264946fa91ebd177678faa1185a900000000000000000000000000000000
0.215661	0.084757	609000	69	25	2 3 5 7 11 13 17 19 23 29 31 37 41 43 47 53 59 61 67 71 73 79 83 89 97	0.006011	eac5d3737d928a5b44d890cce83aa3869dfb9856dc00e73f757473e3c72159c200000000000000000000000000000000
0.221313	0.101106	351	68	25	2 3 5 7 11 13 17 19 23 29 31 37 41 43 47 53 59 61 67 71 73 79 83 89 97	0.000948	b9685a4a564b05e1d4af807f7fb76c5ae74eaa0d0d50e6349fdfc895ee93508800000000000000000000000000000000
0.221432	0.101455	6517	93	25	2 3 5 7 11 13 17 19 23 29 31 37 41 43 47 53 59 61 67 71 73 79 83 89 97	0.000407	bc528fdcd011b5019441a0429938f3c20d87b877e4b2453fef02307c52b8ff6800000000000000000000000000000000
0.188412	0.012497	459	79	25	2 3 5 7 11 13 17 19 23 29 31 37 41 43 47 53 59 61 67 71 73 79 83 89 97	0.014922	a10650a85e543c5d1be183661ae765cf8496b9f762ccd2b7cec901242df435dd00000000000000000000000000000000
0.221459	0.101535	3000000	79	25	2 3 5 7 11 13 17 19 23 29 31 37 41 43 47 53 59 61 67 71 73 79 83 89 97	0.000003	2cb2c11c457eb9a25dd062c1f4b56bb3aeb481ac9d061254b168053eb3c4fa8500000000000000000000000000000000
0.218593	0.093183	610000	71	25	2 3 5 7 11 13 17 19 23 29 31 37 41 43 47 53 59 61 67 71 73 79 83 89 97	0.004211	ec919b78bb03f870c487bcf85bd9aaa03630d39b098873059d0c6fcc3fc14b8500000000000000000000000000000000
0.172324	0.000955	10000	73	25	2 3 5 7 11 13 17 19 23 29 31 37 41 43 47 53 59 61 67 71 73 79 83 89 97	0.019776	b812f43728c8600f5178c4cb98998b69e971185a4eea4c1b95d75f8c5127e9b400000000000000000000000000000000
0.221361	0.101247	599000	73	25	2 3 5 7 11 13 17 19 23 29 31 37 41 43 47 53 59 61 67 71 73 79 83 89 97	0.000776	ae1492aa7fd4f25a0ca7c7300e989d690ff22f1ad876a57078329d5f52d2172d00000000000000000000000000000000
0.220542	0.098851	601000	67	25	2 3 5 7 11 13 17 19 23 29 31 37 41 43 47 53 59 61 67 71 73 79 83 89 97	0.002375	dc966cac2a906323b9d7cfe2439db796c214157df65d8efa45598cbd92e4954800000000000000000000000000000000
0.206022	0.057897	297	83	25	2 3 5 7 11 13 17 19 23 29 31 37 41 43 47 53 59 61 67 71 73 79 83 89 97	0.009938	0e38ff0eff4b61e025d5519c3f7c859565673c0bdac8c25dc9bbc8e79090f72300000000000000000000000000000000
0.221423	0.101427	6517	84	25	2 3 5 7 11 13 17 19 23 29 31 37 41 43 47 53 59 61 67 71 73 79 83 89 97	0.000475	262d30daa643e13eefd2f2180ae42eaa8e17f0896b1ea8d0630c8b131847f20000000000000000000000000000000000
0.221459	0.101535	136	77	25	2 3 5 7 11 13 17 19 23 29 31 37 41 43 47 53 59 61 67 71 73 79 83 89 97	0.000000	92a0dd83a3233a35bbdca5fe11003b6cfdac4e47f2562a6e7681dcda9e0bd74500000000000000000000000000000000
0.221420	0.101420	200000	77	25	2 3 5 7 11 13 17 19 23 29 31 37 41 43 47 53 59 61 67 71 73 79 83 89 97	0.000491	73a9b3392f65ff0bab59ff696b741619bffebfd93ef834e7804d3da8e7a4399b00000000000000000000000000000000
0.221351	0.101219	300000	69	25	2 3 5 7 11 13 17 19 23 29 31 37 41 43 47 53 59 61 67 71 73 79 83 89 97	0.000813	9806f5734bc634c57d78b733bf85f65fee25585502d1c9b79a23c1853bbf53f000000000000000000000000000000000
0.221459	0.101535	500000	77	25	2 3 5 7 11 13 17 19 23 29 31 37 41 43 47 53 59 61 67 71 73 79 83 89 97	0.000000	79978b199e53cf25e1f5627200b1df0e98a5c290cbe4435ff60b380056edba0b00000000000000000000000000000000
0.199956	0.041699	604000	83	25	2 3 5 7 11 13 17 19 23 29 31 37 41 43 47 53 59 61 67 71 73 79 83 89 97	0.011831	761a4580c1b23b04afebe45ca6b46e7d8167e8d59e8e4287b465b21597989eae00000000000000000000000000000000
0.220998	0.100184	598000	75	25	2 3 5 7 11 13 17 19 23 29 31 37 41 43 47 53 59 61 67 71 73 79 83 89 97	0.001683	5f527778cbacf91c9226c9d873875a497c6cdaabbdb66d835053de34fd869ece00000000000000000000000000000000
0.221062	0.100372	1625	82	25	2 3 5 7 11 13 17 19 23 29 31 37 41 43 47 53 59 61 67 71 73 79 83 89 97	0.001561	1ef34372b069063548f23f269bfcbf0692e345e2e4aa5abb006fa70fafc75ded00000000000000000000000000000000
0.195342	0.029764	3773	81	25	2 3 5 7 11 13 17 19 23 29 31 37 41 43 47 53 59 61 67 71 73 79 83 89 97	0.013127	4ff566391ada890a059ad525cd194865881607163463edbe494ae4d6976c1b4500000000000000000000000000000000
0.207012	0.060595	596000	69	25	2 3 5 7 11 13 17 19 23 29 31 37 41 43 47 53 59 61 67 71 73 79 83 89 97	0.009601	62dcb92595d98c13bece1396098e7f0f277f4846ba836f3e33cb6caefd1e337d00000000000000000000000000000000
0.221459	0.101535	40000	69	25	2 3 5 7 11 13 17 19 23 29 31 37 41 43 47 53 59 61 67 71 73 79 83 89 97	0.000000	dc8a4a454b7bd41de3c655c23a833717c9f1b076baeb788ec28b00ea6ef4760200000000000000000000000000000000
0.196529	0.032798	500000	75	25	2 3 5 7 11 13 17 19 23 29 31 37 41 43 47 53 59 61 67 71 73 79 83 89 97	0.012803	1f8024b8afd65000217c696a69e32d6d5276f1a9c95bb84f6b8f0d87a2b77b6d00000000000000000000000000000000
0.196170	0.086036	152	94	31	2 3 5 7 11 13 17 19 23 29 31 37 41 43 47 53 59 61 67 71 73 79 83 89 97 101 103 107 109 113 127	0.001947	084c0dc6a6633707abc2d5a6ff2396ba9c2a3a253cc587339de9141d4972ff3b00000000000000000000000000000000
0.197038	0.088584	104	86	31	2 3 5 7 11 13 17 19 23 29 31 37 41 43 47 53 59 61 67 71 73 79 83 89 97 101 103 107 109 113 127	0.000460	744220644fb19b5ef1425ee70dc1d9066c408eb68d0a81325a71d2939469c49c00000000000000000000000000000000
0.195335	0.083598	2375	72	31	2 3 5 7 11 13 17 19 23 29 31 37 41 43 47 53 59 61 67 71 73 79 83 89 97 101 103 107 109 113 127	0.002692	d274f9d540ef7f63cc8062236f57824f6aa61c35227946c53018ff47aea87ace00000000000000000000000000000000
0.197079	0.088703	5831	86	31	2 3 5 7 11 13 17 19 23 29 31 37 41 43 47 53 59 61 67 71 73 79 83 89 97 101 103 107 109 113 127	0.000212	7860f49eb30c745bdc4a9c3d4b906ecf729462554f47d1fb360e1b3b97ac6ab600000000000000000000000000000000
0.149525	0.001826	513	88	31	2 3 5 7 11 13 17 19 23 29 31 37 41 43 47 53 59 61 67 71 73 79 83 89 97 101 103 107 109 113 127	0.018725	27702fe9d239d99b601b815d27cbb327fa49d95f44c2807fd8f10005313a5a4700000000000000000000000000000000
0.197000	0.088470	2375	63	31	2 3 5 7 11 13 17 19 23 29 31 37 41 43 47 53 59 61 67 71 73 79 83 89 97 101 103 107 109 113 127	0.000609	389799f2a4f2f8609f9b1f3afdac00a01abe7a55d103390088a27715461e538400000000000000000000000000000000
0.153789	0.006002	297	85	31	2 3 5 7 11 13 17 19 23 29 31 37 41 43 47 53 59 61 67 71 73 79 83 89 97 101 103 107 109 113 127	0.028813	4d99990a5403df056bd10191f5e04fdd6c6d8f9324880ecbeab6b832ad690bc900000000000000000000000000000000
0.171907	0.019962	2000	93	31	2 3 5 7 11 13 17 19 23 29 31 37 41 43 47 53 59 61 67 71 73 79 83 89 97 101 103 107 109 113 127	0.010582	dd3731f89246c3680a8d3936c8db3f73914f868a74d105e0bbdc665efae9a9b100000000000000000000000000000000
0.181578	0.045057	1375	84	31	2 3 5 7 11 13 17 19 23 29 31 37 41 43 47 53 59 61 67 71 73 79 83 89 97 101 103 107 109 113 127	0.008175	e8618516a33971623ab06f5fd88b42eb763c8255b526c8f8ccce0b0997dbb3f000000000000000000000000000000000
0.150083	0.000541	513	81	31	2 3 5 7 11 13 17 19 23 29 31 37 41 43 47 53 59 61 67 71 73 79 83 89 97 101 103 107 109 113 127	0.017707	b977c3cf16b4e9a7e6facc25fb0b639b6467ab0c0dc931a14ccb4aebf8a0b8ef00000000000000000000000000000000
0.188311	0.063520	3773	66	31	2 3 5 7 11 13 17 19 23 29 31 37 41 43 47 53 59 61 67 71 73 79 83 89 97 101 103 107 109 113 127	0.006086	8905563bcf905726bfcd7986f701aafaa99fee914574b06f731a0f7a8f5fa2ff00000000000000000000000000000000
0.165203	0.003631	88	64	31	2 3 5 7 11 13 17 19 23 29 31 37 41 43 47 53 59 61 67 71 73 79 83 89 97 101 103 107 109 113 127	0.012046	f771f903f7c7a9a9ccf0247ccd6b9240a65a55af7edb4734d2f8e8d66b5b30cf00000000000000000000000000000000
0.162480	0.003216	136	97	31	2 3 5 7 11 13 17 19 23 29 31 37 41 43 47 53 59 61 67 71 73 79 83 89 97 101 103 107 109 113 127	0.012654	61d6c481f8c5986998a8e4c32aac90e3adc1537ca53e4a7447514e5e8abd1d7000000000000000000000000000000000
0.197089	0.088736	5831	90	31	2 3 5 7 11 13 17 19 23 29 31 37 41 43 47 53 59 61 67 71 73 79 83 89 97 101 103 107 109 113 127	0.000000	db58279f51f3c2fb361b4249f934040230acd34ec233395b2bb0c5e6329b338900000000000000000000000000000000
0.152713	0.002076	3773	65	31	2 3 5 7 11 13 17 19 23 29 31 37 41 43 47 53 59 61 67 71 73 79 83 89 97 101 103 107 109 113 127	0.026894	d2e26f393d8d40c5279f7ff5e5c23f139f3668c6db65b339ba27bf94bb19f1c000000000000000000000000000000000
0.197089	0.088736	351	63	31	2 3 5 7 11 13 17 19 23 29 31 37 41 43 47 53 59 61 67 71 73 79 83 89 97 101 103 107 109 113 127	0.000004	f62c654ba86f806959a97fd7fd3de34d1368baf11ccdeaf531e5b037b2c9ffa800000000000000000000000000000000
0.191850	0.073536	297	81	31	2 3 5 7 11 13 17 19 23 29 31 37 41 43 47 53 59 61 67 71 73 79 83 89 97 101 103 107 109 113 127	0.004677	5826a70f6da071823071cd3916f5515185e27e7987cafa971d8fd80ef68dd06600000000000000000000000000000000
0.172995	0.022698	5831	95	31	2 3 5 7 11 13 17 19 23 29 31 37 41 43 47 53 59 61 67 71 73 79 83 89 97 101 103 107 109 113 127	0.010332	f01f86bef5a3acc21bcdf4dd0d6e87f33d540ba576726f7247bc5c74aecfa5cf00000000000000000000000000000000
0.197089	0.088736	136	66	31	2 3 5 7 11 13 17 19 23 29 31 37 41 43 47 53 59 61 67 71 73 79 83 89 97 101 103 107 109 113 127	0.000000	887f40a37c1f16207bad76765e9d679f0fa78c28ab7b57c7f511690a4648876a00000000000000000000000000000000
0.151609	0.001089	152	64	31	2 3 5 7 11 13 17 19 23 29 31 37 41 43 47 53 59 61 67 71 73 79 83 89 97 101 103 107 109 113 127	0.016083	93515fe39f3b4a2d96070f81dec105b48065b9d526cf6e1791b6f7fbc28447ac00000000000000000000000000000000
0.152943	0.004158	6517	64	31	2 3 5 7 11 13 17 19 23 29 31 37 41 43 47 53 59 61 67 71 73 79 83 89 97 101 103 107 109 113 127	0.027165	b41e2afd304a65d7ee7a95662506e8291facdd29453cbdf83bf7abc4401b505600000000000000000000000000000000
0.195489	0.084047	400	63	31	2 3 5 7 11 13 17 19 23 29 31 37 41 43 47 53 59 61 67 71 73 79 83 89 97 101 103 107 109 113 127	0.002571	ed473a48dcdbf0681be918c1d71ba1eef705f620263ab9491f4da7d33db32d9d00000000000000000000000000000000
0.197089	0.088736	2125	84	31	2 3 5 7 11 13 17 19 23 29 31 37 41 43 47 53 59 61 67 71 73 79 83 89 97 101 103 107 109 113 127	0.000000	6eddbd9402c396e66b2590a7f90a43786ba681934273c313554abc7472d9251300000000000000000000000000000000
0.149830	0.002906	2125	91	31	2 3 5 7 11 13 17 19 23 29 31 37 41 43 47 53 59 61 67 71 73 79 83 89 97 101 103 107 109 113 127	0.022469	e394ac97719399ee7226a4769b8c6d0c132a20cf367df9b4b86990a13d89c52100000000000000000000000000000000
0.149348	0.007004	5831	80	31	2 3 5 7 11 13 17 19 23 29 31 37 41 43 47 53 59 61 67 71 73 79 83 89 97 101 103 107 109 113 127	0.020672	58e9cebaa40049e90c1ccede26740d4b9c296a38efc16469de44dc4db2dacd3500000000000000000000000000000000
0.197083	0.088716	3773	94	31	2 3 5 7 11 13 17 19 23 29 31 37 41 43 47 53 59 61 67 71 73 79 83 89 97 101 103 107 109 113 127	0.000167	db52fe1e0d4c69493cbe1d6a718b930716a7640d7ce1e66d3c24c403cef18d8000000000000000000000000000000000
0.197085	0.088723	5000	84	31	2 3 5 7 11 13 17 19 23 29 31 37 41 43 47 53 59 61 67 71 73 79 83 89 97 101 103 107 109 113 127	0.000131	f4f4af16cfda32a0866074d2e61733e5700fc2fc36030aaa22dbd21ce426359f00000000000000000000000000000000
0.197089	0.088735	88	88	31	2 3 5 7 11 13 17 19 23 29 31 37 41 43 47 53 59 61 67 71 73 79 83 89 97 101 103 107 109 113 127	0.000025	ee6dfb21f52292bafab1f5f525b08fa9665e1edacb18f8c38d0d4d0cdd22ece600000000000000000000000000000000
0.149278	0.002811	2375	80	31	2 3 5 7 11 13 17 19 23 29 31 37 41 43 47 53 59 61 67 71 73 79 83 89 97 101 103 107 109 113 127	0.020200	12f7e9d57a573c7d7b96b1004fb30728bf939c549e0041592623f646c1ad363f00000000000000000000000000000000
0.197048	0.088612	1375	93	31	2 3 5 7 11 13 17 19 23 29 31 37 41 43 47 53 59 61 67 71 73 79 83 89 97 101 103 107 109 113 127	0.000416	87ed4733cd637e42c9349222970d20d3fe2a253242f0288a825d1eb27309bdfa00000000000000000000000000000000
0.183883	0.051290	3773	96	31	2 3 5 7 11 13 17 19 23 29 31 37 41 43 47 53 59 61 67 71 73 79 83 89 97 101 103 107 109 113 127	0.007516	fccc1f1f910a0b5bf236e53e3fdb08bfdf3d2f8a3a332481b87d299a030bf81600000000000000000000000000000000
0.155601	0.001034	4459	85	31	2 3 5 7 11 13 17 19 23 29 31 37 41 43 47 53 59 61 67 71 73 79 83 89 97 101 103 107 109 113 127	0.014312	c98df95d87c38cfdc1daa4439167338a311658bebe38115f7819b4c09dd81be100000000000000000000000000000000
0.185863	0.056719	1375	74	31	2 3 5 7 11 13 17 19 23 29 31 37 41 43 47 53 59 61 67 71 73 79 83 89 97 101 103 107 109 113 127	0.006908	5c507634897b4a747c12dd7d184de76b082cebba62bae5cb09c96454d7b5c23c00000000000000000000000000000000
0.150298	0.001969	513	94	31	2 3 5 7 11 13 17 19 23 29 31 37 41 43 47 53 59 61 67 71 73 79 83 89 97 101 103 107 109 113 127	0.023204	86377bc92a52ab1e2f662f3bc5ad3d5306c8c1885cbb542051fd4173e9635a2900000000000000000000000000000000
0.149979	0.004678	459	65	31	2 3 5 7 11 13 17 19 23 29 31 37 41 43 47 53 59 61 67 71 73 79 83 89 97 101 103 107 109 113 127	0.022679	6738b68fbebadad33efa8138d6c615edbd0c7904e5cd1a53e902d5e73e0fd1bf00000000000000000000000000000000
0.153857	0.011473	4459	70	31	2 3 5 7 11 13 17 19 23 29 31 37 41 43 47 53 59 61 67 71 73 79 83 89 97 101 103 107 109 113 127	0.031746	6665b17fb65cae8be14604c94840ae8f96c99a620c17002c480e069720df66d900000000000000000000000000000000
0.193803	0.079150	2125	69	31	2 3 5 7 11 13 17 19 23 29 31 37 41 43 47 53 59 61 67 71 73 79 83 89 97 101 103 107 109 113 127	0.003694	08492092f063c17cf38521883be7a35cb17a2d6d7f57b4377a20816aa71c600700000000000000000000000000000000
0.149288	0.003244	60	88	31	2 3 5 7 11 13 17 19 23 29 31 37 41 43 47 53 59 61 67 71 73 79 83 89 97 101 103 107 109 113 127	0.020249	cf51aa2597bf357a19876ccd3d6a33a87e09b53f31f5d2795cf4b967e0f616b300000000000000000000000000000000
0.191750	0.073251	136	80	31	2 3 5 7 11 13 17 19 23 29 31 37 41 43 47 53 59 61 67 71 73 79 83 89 97 101 103 107 109 113 127	0.004722	2930c080f784adcb5f0b39772e7a4553466be92a4ad9262d861f5bd3d5f406b600000000000000000000000000000000
0.153751	0.009778	104	84	31	2 3 5 7 11 13 17 19 23 29 31 37 41 43 47 53 59 61 67 71 73 79 83 89 97 101 103 107 109 113 127	0.031994	a9c00a67a7693c1cf33ab62c5ce4cb54b63625f8f1f6eafa8b3445e33101a35100000000000000000000000000000000
0.149275	0.002355	1375	90	31	2 3 5 7 11 13 17 19 23 29 31 37 41 43 47 53 59 61 67 71 73 79 83 89 97 101 103 107 109 113 127	0.019618	2b9cb034ec4086c75b92dedae238ae4977acca1474a4e9bd1cdc361d1fb09b0500000000000000000000000000000000
0.187600	0.061537	800	68	31	2 3 5 7 11 13 17 19 23 29 31 37 41 43 47 53 59 61 67 71 73 79 83 89 97 101 103 107 109 113 127	0.006334	dd33ef681754e3cc0d3f9966ee7ce16acb58022a4617f76ee11ca41858c2ea1a00000000000000000000000000000000
0.151131	0.006687	136	81	31	2 3 5 7 11 13 17 19 23 29 31 37 41 43 47 53 59 61 67 71 73 79 83 89 97 101 103 107 109 113 127	0.024262	8a2bbea4d40ff34fcb7b187cfcb93078d294e5ce5c7870a81db52f0875ea257d00000000000000000000000000000000
0.149275	0.002381	351	69	31	2 3 5 7 11 13 17 19 23 29 31 37 41 43 47 53 59 61 67 71 73 79 83 89 97 101 103 107 109 113 127	0.019616	be08e84840949cd6f66281bf37f532eff7dc94c5d7c807d009e44ea604e8401200000000000000000000000000000000
0.149354	0.006539	2375	78	31	2 3 5 7 11 13 17 19 23 29 31 37 41 43 47 53 59 61 67 71 73 79 83 89 97 101 103 107 109 113 127	0.020752	1c8111d4158fba2d6f3c23f172fcfe51da00044602adecd59e7cfd5cb2574f8900000000000000000000000000000000
0.197089	0.088736	104	88	31	2 3 5 7 11 13 17 19 23 29 31 37 41 43 47 53 59 61 67 71 73 79 83 89 97 101 103 107 109 113 127	0.000008	58d18442fbe133b99e1ac29e061f270ef91e25658276ca7f40917389d136583600000000000000000000000000000000
0.197056	0.088638	6517	74	31	2 3 5 7 11 13 17 19 23 29 31 37 41 43 47 53 59 61 67 71 73 79 83 89 97 101 103 107 109 113 127	0.000369	74da2efaadf1488e31f517af4f8796a2b7edabe17c3e8a0269f84f385407e0dd00000000000000000000000000000000
0.196319	0.086476	1000	85	31	2 3 5 7 11 13 17 19 23 29 31 37 41 43 47 53 59 61 67 71 73 79 83 89 97 101 103 107 109 113 127	0.001781	67c2065ae0b80011f5ed7c159c614460a4f397dc6044e66cef1bddad65a40b3b00000000000000000000000000000000
0.195040	0.082740	104	78	31	2 3 5 7 11 13 17 19 23 29 31 37 41 43 47 53 59 61 67 71 73 79 83 89 97 101 103 107 109 113 127	0.002911	2fbcd547eb0fc00d3d331c964b1972a6af22d47c4f1a686d65df2a9c24e3373a00000000000000000000000000000000
0.185715	0.056310	297	80	31	2 3 5 7 11 13 17 19 23 29 31 37 41 43 47 53 59 61 67 71 73 79 83 89 97 101 103 107 109 113 127	0.006955	40e5602fd912f1a980ec32c54a30c52c9d3d8de28d4bfeb219d0ab9838a85a0e00000000000000000000000000000000
0.149364	0.002501	2125	68	31	2 3 5 7 11 13 17 19 23 29 31 37 41 43 47 53 59 61 67 71 73 79 83 89 97 101 103 107 109 113 127	0.021225	c138e9b4d07e2ee1120a1a66a1f2b42a9e018a2c3db9279277d3f81cbf4b6e5400000000000000000000000000000000
0.165537	0.004787	351	92	27	2 3 5 7 11 13 17 19 23 29 31 37 41 43 47 53 59 61 67 71 73 79 83 89 97 101 103	0.018157	1f7d396c28fde71f3a07fbef17121bf19e75b58fd3875170006aecca1e7d4b4100000000000000000000000000000000
0.155900	0.005653	606000	79	27	2 3 5 7 11 13 17 19 23 29 31 37 41 43 47 53 59 61 67 71 73 79 83 89 97 101 103	0.049655	2bf6d50f80e901e29dfa48b6d78eb58df8c04add774a8f5164b7c406a8b158e100000000000000000000000000000000
0.212111	0.097762	10000	69	27	2 3 5 7 11 13 17 19 23 29 31 37 41 43 47 53 59 61 67 71 73 79 83 89 97 101 103	0.001215	86269cadaa7532f8b5def8cf853cd8d2118c42347290674333ead1cb2d4499db00000000000000000000000000000000
0.119474	0.004631	599000	65	27	2 3 5 7 11 13 17 19 23 29 31 37 41 43 47 53 59 61 67 71 73 79 83 89 97 101 103	0.441726	caec5ed49e1fdd6912bf9b6f797876685c78ebd54adaf4a41befd712f4771fae00000000000000000000000000000000
0.212389	0.098533	104	66	27	2 3 5 7 11 13 17 19 23 29 31 37 41 43 47 53 59 61 67 71 73 79 83 89 97 101 103	0.000000	ba904867d380a5b37138d79684b9580af3c598f1001a17abea50801f7fcce8f000000000000000000000000000000000
0.163366	0.009379	606000	75	27	2 3 5 7 11 13 17 19 23 29 31 37 41 43 47 53 59 61 67 71 73 79 83 89 97 101 103	0.039778	3451c46f75a4984390f6ab1a8c6ad4e77adda827a081e0f8df2c9f1c9a069f1900000000000000000000000000000000
0.208959	0.089109	4459	81	27	2 3 5 7 11 13 17 19 23 29 31 37 41 43 47 53 59 61 67 71 73 79 83 89 97 101 103	0.004281	ed2a1b5e328be6c8d3db8ee87a5f6536dd288dec90677eb1a550533a0ad2a45800000000000000000000000000000000
0.212352	0.098426	4459	69	27	2 3 5 7 11 13 17 19 23 29 31 37 41 43 47 53 59 61 67 71 73 79 83 89 97 101 103	0.000452	e74b8c5e36c0bd711ad7f005e7df770d6e6f08ab80236ffb2b01b7c7cee861c700000000000000000000000000000000
0.144443	0.000135	800000	67	27	2 3 5 7 11 13 17 19 23 29 31 37 41 43 47 53 59 61 67 71 73 79 83 89 97 101 103	0.314099	7f3303a8ddccbe6739348b8604b6cf306798470168fd29f63fea4a66ca4cbb3200000000000000000000000000000000
0.164789	0.003609	136	93	27	2 3 5 7 11 13 17 19 23 29 31 37 41 43 47 53 59 61 67 71 73 79 83 89 97 101 103	0.018529	ce214ba096cd1f1d0aed3a8311d0b61572494d4448ce327fdd81817c2150e3ae00000000000000000000000000000000
0.206821	0.083304	603000	57	27	2 3 5 7 11 13 17 19 23 29 31 37 41 43 47 53 59 61 67 71 73 79 83 89 97 101 103	0.005470	51974c1baff1a2de6b43dde191e97a89ce37786817f3e6f881e149c474acd73c00000000000000000000000000000000
0.161836	0.002549	6000000	75	27	2 3 5 7 11 13 17 19 23 29 31 37 41 43 47 53 59 61 67 71 73 79 83 89 97 101 103	0.026956	6bc4b4bf6e7d78fc26b565e599dbd717b1b3ba86860b84820412687d5077626700000000000000000000000000000000
0.155869	0.004097	5831	62	27	2 3 5 7 11 13 17 19 23 29 31 37 41 43 47 53 59 61 67 71 73 79 83 89 97 101 103	0.049935	2ea0a1b9d1cea6e4a31d0596fecd9dce79c90de5483883c559d7c2715ad995c800000000000000000000000000000000
0.209560	0.090752	598000	59	27	2 3 5 7 11 13 17 19 23 29 31 37 41 43 47 53 59 61 67 71 73 79 83 89 97 101 103	0.003884	a9eeba61fe95227f3559a1fee73689f48c7e3d3d58ad03e4c885a01c55da8d8400000000000000000000000000000000
0.162050	0.004936	3000000	55	27	2 3 5 7 11 13 17 19 23 29 31 37 41 43 47 53 59 61 67 71 73 79 83 89 97 101 103	0.020439	2acf51f89d8b15deb357910ef8e0e95ac55981f8bb6f9beb4d7e476f46431dec00000000000000000000000000000000
0.155495	0.002802	595000	65	27	2 3 5 7 11 13 17 19 23 29 31 37 41 43 47 53 59 61 67 71 73 79 83 89 97 101 103	0.521981	908d6063ede84fa9247aa02656d5070d31ffd7b82ee52a7bc890fe8b25e2ce5800000000000000000000000000000000
0.190866	0.041716	800000	69	27	2 3 5 7 11 13 17 19 23 29 31 37 41 43 47 53 59 61 67 71 73 79 83 89 97 101 103	0.011006	5a1621ab6b86eaedb9ecdc4d29a7db4584f028ffe186351edabc5cbc58f079ac00000000000000000000000000000000
0.212372	0.098486	800	66	27	2 3 5 7 11 13 17 19 23 29 31 37 41 43 47 53 59 61 67 71 73 79 83 89 97 101 103	0.000301	a3e32741f4e8b7df17e8c2a740f7e4a647d759e14ff4a8fe511e53374cafc86700000000000000000000000000000000
0.167294	0.002781	604000	55	27	2 3 5 7 11 13 17 19 23 29 31 37 41 43 47 53 59 61 67 71 73 79 83 89 97 101 103	0.017355	7d4439e9489cdd0f31d85c8698fb4f4f13d11c5922e941df3df1f24ede3d9fa100000000000000000000000000000000
0.164736	0.006333	598000	57	27	2 3 5 7 11 13 17 19 23 29 31 37 41 43 47 53 59 61 67 71 73 79 83 89 97 101 103	0.032497	4930a1e19276bf856889fe9f1858bbf55060032a38a164e1ec102be7add6b0f200000000000000000000000000000000
0.122887	0.016224	70000	63	27	2 3 5 7 11 13 17 19 23 29 31 37 41 43 47 53 59 61 67 71 73 79 83 89 97 101 103	0.708181	d21ae5660a957ea0f2369841c29b7aa3044ed8a27169dba754139ca95bdfbc1600000000000000000000000000000000
0.123479	0.001494	152	75	27	2 3 5 7 11 13 17 19 23 29 31 37 41 43 47 53 59 61 67 71 73 79 83 89 97 101 103	0.456306	b1e452e26a119feca3675a904cd9688d014fbb12e2b9a20ad5bb20b8b936acb900000000000000000000000000000000
0.204751	0.077735	589000	67	27	2 3 5 7 11 13 17 19 23 29 31 37 41 43 47 53 59 61 67 71 73 79 83 89 97 101 103	0.006425	02e8bb35f28f1b1874e1a9e269ea715eff97b0398af37b40b2412a37de89a48200000000000000000000000000000000
0.164387	0.010849	50000	63	27	2 3 5 7 11 13 17 19 23 29 31 37 41 43 47 53 59 61 67 71 73 79 83 89 97 101 103	0.031129	5cdc7fb3e44e51ae3cc55a29772f7b9a3d123f50e9ff37870f63c0f4c7e42a1e00000000000000000000000000000000
0.194379	0.050598	3000000	69	27	2 3 5 7 11 13 17 19 23 29 31 37 41 43 47 53 59 61 67 71 73 79 83 89 97 101 103	0.010015	e5fdc1f55f6b7d98db8e09a00a45461d63d9062cb72a163e9f7133b0bf21e94600000000000000000000000000000000
0.205866	0.080727	5831	76	27	2 3 5 7 11 13 17 19 23 29 31 37 41 43 47 53 59 61 67 71 73 79 83 89 97 101 103	0.005928	fa685bbd47186f7edb420804c51bbb8b404c44925203d9d1918fffbf116a621a00000000000000000000000000000000
0.193654	0.048751	597000	65	27	2 3 5 7 11 13 17 19 23 29 31 37 41 43 47 53 59 61 67 71 73 79 83 89 97 101 103	0.010225	4dffb1f6e1ba5db7d4866246b085077814ea1c7019f7dc878f5c51f6a3da395e00000000000000000000000000000000
0.212378	0.098502	297	84	27	2 3 5 7 11 13 17 19 23 29 31 37 41 43 47 53 59 61 67 71 73 79 83 89 97 101 103	0.000242	be29952c8f20370d22c5d2080dc7c18a746781849e2f636becce88a3ff153c4a00000000000000000000000000000000
0.211224	0.095319	591000	67	27	2 3 5 7 11 13 17 19 23 29 31 37 41 43 47 53 59 61 67 71 73 79 83 89 97 101 103	0.002486	a048ec624818da81f0629ae0d8c0435a33a9d66dd1f9caa86bc4d8f1ba48a6b900000000000000000000000000000000
0.131210	0.004572	3773	63	27	2 3 5 7 11 13 17 19 23 29 31 37 41 43 47 53 59 61 67 71 73 79 83 89 97 101 103	0.292265	490f521c7812cefaf25496db1746f50ff8fc79315284aa2374b61c6e85bfa21400000000000000000000000000000000
0.208068	0.086686	800000	59	27	2 3 5 7 11 13 17 19 23 29 31 37 41 43 47 53 59 61 67 71 73 79 83 89 97 101 103	0.004810	404efb55e6a5005f6e7e17f4bc3c09649584846b7b3d6681907020c79349625d00000000000000000000000000000000
0.188402	0.035584	4459	96	27	2 3 5 7 11 13 17 19 23 29 31 37 41 43 47 53 59 61 67 71 73 79 83 89 97 101 103	0.011663	87cfbe7e8007690a302841da95a96d78a13e8cd1d79d82cfb8b781c133db840800000000000000000000000000000000
0.162140	0.005233	600000	69	27	2 3 5 7 11 13 17 19 23 29 31 37 41 43 47 53 59 61 67 71 73 79 83 89 97 101 103	0.027305	47a3381b25dbb201c9b5f40ccf4f3c4ee7e3c13129434fd4de96590e1f18d0f200000000000000000000000000000000
0.122940	0.002865	6000000	69	27	2 3 5 7 11 13 17 19 23 29 31 37 41 43 47 53 59 61 67 71 73 79 83 89 97 101 103	0.436941	d5b3d04a69540acb51922a162ddce97976db465df4f68c4255a5af739dc3c47600000000000000000000000000000000
0.212389	0.098533	200	92	27	2 3 5 7 11 13 17 19 23 29 31 37 41 43 47 53 59 61 67 71 73 79 83 89 97 101 103	0.000021	1a372a6c20261915e067e43df7ca1e06f94ef6259ed7a08003637dd915c2010b00000000000000000000000000000000
0.160601	0.003483	10000	59	27	2 3 5 7 11 13 17 19 23 29 31 37 41 43 47 53 59 61 67 71 73 79 83 89 97 101 103	0.023019	9059685615b8ea0353af2d60c0f76de34a99c17e8cc086601c3677afa0c368f700000000000000000000000000000000
0.130870	0.004804	4459	63	27	2 3 5 7 11 13 17 19 23 29 31 37 41 43 47 53 59 61 67 71 73 79 83 89 97 101 103	0.289285	ff736379c3e926b5e8265a5e9a29f26db01b92c12739493c98cdfa039348f81b00000000000000000000000000000000
0.212389	0.098532	589000	63	27	2 3 5 7 11 13 17 19 23 29 31 37 41 43 47 53 59 61 67 71 73 79 83 89 97 101 103	0.000042	f7589b4d12692b69050879497896c0df536fbf5673141628b08e1047e8a938f500000000000000000000000000000000
0.160552	0.000106	200000	59	27	2 3 5 7 11 13 17 19 23 29 31 37 41 43 47 53 59 61 67 71 73 79 83 89 97 101 103	0.023458	be07389f0e403db952ae5dbef7cdd8dc4c582f58548b359398665ee5f76ece6100000000000000000000000000000000
0.212389	0.098533	900000	75	27	2 3 5 7 11 13 17 19 23 29 31 37 41 43 47 53 59 61 67 71 73 79 83 89 97 101 103	0.000000	4655c789ebb856016a4af0aac34dddc0e0776180eb0c90627f04de472b24e05d00000000000000000000000000000000
0.212389	0.098532	9000000	67	27	2 3 5 7 11 13 17 19 23 29 31 37 41 43 47 53 59 61 67 71 73 79 83 89 97 101 103	0.000040	09861257830211ad330ea0b91a46b3e2dd542a6d44fb00204d97de97ce0db7a500000000000000000000000000000000
0.159204	0.011880	10000	73	27	2 3 5 7 11 13 17 19 23 29 31 37 41 43 47 53 59 61 67 71 73 79 83 89 97 101 103	0.044409	34953c9f995c4a40c3b45400b63591b7f6483dcdbbbf2f70a16153f573d583f700000000000000000000000000000000
0.188447	0.035694	513	61	27	2 3 5 7 11 13 17 19 23 29 31 37 41 43 47 53 59 61 67 71 73 79 83 89 97 101 103	0.011652	40e1caedfc6257124b630a38f70b74020e70c92ddf831207dc062546b250e98b00000000000000000000000000000000
0.212385	0.098523	598000	67	27	2 3 5 7 11 13 17 19 23 29 31 37 41 43 47 53 59 61 67 71 73 79 83 89 97 101 103	0.000141	8c0d19565085ba287cf3f31ac50343f178ad85f5596d8baae1b3e17b668a1aa000000000000000000000000000000000
0.211997	0.097446	80000	63	27	2 3 5 7 11 13 17 19 23 29 31 37 41 43 47 53 59 61 67 71 73 79 83 89 97 101 103	0.001443	2e88cc7f1770a57c8f2c0ec17a208095d30c915f4c054522d5775abba5f55e9600000000000000000000000000000000
0.167084	0.002011	297	74	27	2 3 5 7 11 13 17 19 23 29 31 37 41 43 47 53 59 61 67 71 73 79 83 89 97 101 103	0.017436	77e6f90e992dabd49969c46b314a087a7c842ec9fb2094d396dfec68c4aafe2a00000000000000000000000000000000
0.174914	0.003563	100000	67	27	2 3 5 7 11 13 17 19 23 29 31 37 41 43 47 53 59 61 67 71 73 79 83 89 97 101 103	0.014899	f3179f2e549585d3fdb5e9292c71d3e0607e519e3b4b4c98750eca3c742afa8d00000000000000000000000000000000
0.162046	0.004375	513	99	27	2 3 5 7 11 13 17 19 23 29 31 37 41 43 47 53 59 61 67 71 73 79 83 89 97 101 103	0.027193	00b538eee49952736662374c4603b4e512e17b2912d783d3248270ebf006c4ab00000000000000000000000000000000
0.131880	0.000874	70000	71	27	2 3 5 7 11 13 17 19 23 29 31 37 41 43 47 53 59 61 67 71 73 79 83 89 97 101 103	0.297034	aa1c49ddf28190d090f36a9232efae814e2912f53e35b1d3e44acdf69849204900000000000000000000000000000000
0.210134	0.092321	3773	70	27	2 3 5 7 11 13 17 19 23 29 31 37 41 43 47 53 59 61 67 71 73 79 83 89 97 101 103	0.003466	27e09b1d5d22c2ea92732da7d69b18847d7e338a19e996b195d13c10073d0a8e00000000000000000000000000000000
0.161956	0.005801	603000	69	27	2 3 5 7 11 13 17 19 23 29 31 37 41 43 47 53 59 61 67 71 73 79 83 89 97 101 103	0.020536	91ecfb2d77025fa5c5a903a50d923920d015e62743eddb2c82aa8e5579bc1b6000000000000000000000000000000000
0.212389	0.098533	800000	71	27	2 3 5 7 11 13 17 19 23 29 31 37 41 43 47 53 59 61 67 71 73 79 83 89 97 101 103	0.000010	ce3d88fc755b298ebe472e83493df81bd65bf70707875092bb87689a20f0f99300000000000000000000000000000000
0.209781	0.091357	70000	59	27	2 3 5 7 11 13 17 19 23 29 31 37 41 43 47 53 59 61 67 71 73 79 83 89 97 101 103	0.003728	1fa6222716e840af4caa2f40c1ce900ad488c52eb914d8d7a1c198c9373fb44c00000000000000000000000000000000
0.163488	0.007656	900000	67	27	2 3 5 7 11 13 17 19 23 29 31 37 41 43 47 53 59 61 67 71 73 79 83 89 97 101 103	0.039508	791f9e2cf12d06b63364708d11c95564a81cba5eb72a7379f6393d4f66884ee400000000000000000000000000000000
0.199318	0.063354	591000	61	27	2 3 5 7 11 13 17 19 23 29 31 37 41 43 47 53 59 61 67 71 73 79 83 89 97 101 103	0.008470	dad35d44c7a342cbf44ae68c5955d4c291be47d9aeac874c36b6b3d259a8125200000000000000000000000000000000
0.206959	0.083679	800000	61	27	2 3 5 7 11 13 17 19 23 29 31 37 41 43 47 53 59 61 67 71 73 79 83 89 97 101 103	0.005400	8decd5f2285e080b9f32a00f7422ad77bf0eceff741bd8d41a3495c1983ef7a100000000000000000000000000000000
0.135089	0.006195	513	60	27	2 3 5 7 11 13 17 19 23 29 31 37 41 43 47 53 59 61 67 71 73 79 83 89 97 101 103	0.426531	be6753cd4744f4a140168406df7c4d2f670641c907ee9b54d89f9f4d88fae56800000000000000000000000000000000
0.133319	0.009595	600000	73	27	2 3 5 7 11 13 17 19 23 29 31 37 41 43 47 53 59 61 67 71 73 79 83 89 97 101 103	0.235349	eba8bcddf4b2c6f58f4004e09e0c4d19f9e217c3c314156e2194d712af6df71d00000000000000000000000000000000
0.157759	0.002570	10000	61	27	2 3 5 7 11 13 17 19 23 29 31 37 41 43 47 53 59 61 67 71 73 79 83 89 97 101 103	0.045498	a40b6e936ac2dd0cd7902e54ae13185341de0eb2146b89e0deccc614fd29867300000000000000000000000000000000
0.208257	0.087197	513	74	27	2 3 5 7 11 13 17 19 23 29 31 37 41 43 47 53 59 61 67 71 73 79 83 89 97 101 103	0.004703	a0664eeff2edf52d770ec04166da8ab4a4840caa827916822489e1466d8d4ee800000000000000000000000000000000
0.212389	0.098532	590000	57	27	2 3 5 7 11 13 17 19 23 29 31 37 41 43 47 53 59 61 67 71 73 79 83 89 97 101 103	0.000033	1610de5f7daa3fa5d2de1b0dfc60764060245019aec51b9f243642d524c00aef00000000000000000000000000000000
0.156197	0.006159	6000000	61	27	2 3 5 7 11 13 17 19 23 29 31 37 41 43 47 53 59 61 67 71 73 79 83 89 97 101 103	0.047956	94debd5556da95b2cff77fa25d9c91cecbc4c00c7ef32877ece67d8fda00178500000000000000000000000000000000
0.212389	0.098533	3000000	59	27	2 3 5 7 11 13 17 19 23 29 31 37 41 43 47 53 59 61 67 71 73 79 83 89 97 101 103	0.000018	b49cabc517f44a8eb88e336cfb05fc29f4e9f758d90bc37fe30e6c193e23a5b200000000000000000000000000000000
0.122707	0.001319	88	99	27	2 3 5 7 11 13 17 19 23 29 31 37 41 43 47 53 59 61 67 71 73 79 83 89 97 101 103	0.437098	caec2927934911b4f1aadd4ab5c3bdc36ab3217be24a80c1bc4123a8e4734d2200000000000000000000000000000000
0.116136	0.006244	609000	75	30	2 3 5 7 11 13 17 19 23 29 31 37 41 43 47 53 59 61 67 71 73 79 83 89 97 101 103 107 109 113	0.580147	37b8424b2317a4264a0677525c0778813fd94283d983a62ff98d721efa96c3ea00000000000000000000000000000000
0.200670	0.093990	606000	83	30	2 3 5 7 11 13 17 19 23 29 31 37 41 43 47 53 59 61 67 71 73 79 83 89 97 101 103 107 109 113	0.000370	0be4c6da09d34aba7e307de7e31ba799718157d1cb358574b279a106cd963a0500000000000000000000000000000000
0.149950	0.002604	613000	79	30	2 3 5 7 11 13 17 19 23 29 31 37 41 43 47 53 59 61 67 71 73 79 83 89 97 101 103 107 109 113	0.059944	0ca932504ab8c4d1c67fcd0427e0603fa71ebdbeb39375f7231a4a97c3a1ba9e00000000000000000000000000000000
0.120032	0.005761	599000	79	30	2 3 5 7 11 13 17 19 23 29 31 37 41 43 47 53 59 61 67 71 73 79 83 89 97 101 103 107 109 113	0.495583	308e5e226c9312729f154852de6d5a33710829adfc7bcfe7ab9c675bb20203dd00000000000000000000000000000000
0.179695	0.040972	611000	69	30	2 3 5 7 11 13 17 19 23 29 31 37 41 43 47 53 59 61 67 71 73 79 83 89 97 101 103 107 109 113	0.009913	bcdd44455155c98f0b097a85db4d828f0d1510a4b941fc1a421e1caf26aa44ed00000000000000000000000000000000
0.144659	0.003400	600000	79	30	2 3 5 7 11 13 17 19 23 29 31 37 41 43 47 53 59 61 67 71 73 79 83 89 97 101 103 107 109 113	0.083453	593c55d068d03e244e710c3c2d070663990c7b8c0f2953395bbf3ecb243dd3ac00000000000000000000000000000000
0.156597	0.001457	610000	67	30	2 3 5 7 11 13 17 19 23 29 31 37 41 43 47 53 59 61 67 71 73 79 83 89 97 101 103 107 109 113	0.015408	6a98b726a67fa0dd0203d11e29b053d1f7e3ecbb0e464c75dfa984741f29795000000000000000000000000000000000
0.136417	0.003883	616000	83	30	2 3 5 7 11 13 17 19 23 29 31 37 41 43 47 53 59 61 67 71 73 79 83 89 97 101 103 107 109 113	0.225867	81b3a25dd2f915c54937f2e2f294f6cd7a8897b86f94421c2517c11055d0208a00000000000000000000000000000000
0.154013	0.000399	608000	85	30	2 3 5 7 11 13 17 19 23 29 31 37 41 43 47 53 59 61 67 71 73 79 83 89 97 101 103 107 109 113	0.025700	11652ae0b08c3f7ba599da228bc5a9853e139396153d6367c02fc53e89b37db400000000000000000000000000000000
0.198764	0.088977	604000	79	30	2 3 5 7 11 13 17 19 23 29 31 37 41 43 47 53 59 61 67 71 73 79 83 89 97 101 103 107 109 113	0.002926	250246378a1a30b672737fb939f7445e1f93dc80a1608648ca3a515df604e57a00000000000000000000000000000000
0.197649	0.086060	602000	85	30	2 3 5 7 11 13 17 19 23 29 31 37 41 43 47 53 59 61 67 71 73 79 83 89 97 101 103 107 109 113	0.003679	b11583646d47f0cf1a77c2110ccd3f8126a9f247d22fb719e4fab6c9694f895100000000000000000000000000000000
0.144630	0.003294	605000	79	30	2 3 5 7 11 13 17 19 23 29 31 37 41 43 47 53 59 61 67 71 73 79 83 89 97 101 103 107 109 113	0.046329	9f99c0368ec859234afdcb7eeb532bbd8ff16dc9c85db876f03e178ab2056f9400000000000000000000000000000000
0.200701	0.094071	200000	85	30	2 3 5 7 11 13 17 19 23 29 31 37 41 43 47 53 59 61 67 71 73 79 83 89 97 101 103 107 109 113	0.000036	4c4e77b735039232355fcd0231abb654a8669fd438f26a7b55760e80c6d7031800000000000000000000000000000000
0.127211	0.003198	603000	75	30	2 3 5 7 11 13 17 19 23 29 31 37 41 43 47 53 59 61 67 71 73 79 83 89 97 101 103 107 109 113	0.322392	8bb7db5db52212476771d7ae3728f4ea178f1cc6c9f7fc1287f43ead426223d300000000000000000000000000000000
0.147129	0.001004	700000	67	30	2 3 5 7 11 13 17 19 23 29 31 37 41 43 47 53 59 61 67 71 73 79 83 89 97 101 103 107 109 113	0.050491	2d27cbd0b4e20915dc5c4110414efa83fef2b06e020b130d1cc93a8961d42ea600000000000000000000000000000000
0.167361	0.012250	619000	83	30	2 3 5 7 11 13 17 19 23 29 31 37 41 43 47 53 59 61 67 71 73 79 83 89 97 101 103 107 109 113	0.012745	fd68426b37058d928a9cec65489544b821c3c50deec1a57f80ae3043875b102e00000000000000000000000000000000
0.152008	0.003160	300000	69	30	2 3 5 7 11 13 17 19 23 29 31 37 41 43 47 53 59 61 67 71 73 79 83 89 97 101 103 107 109 113	0.022499	446fb1cb53b2a00d96977f212a087d6deefd6afa1b4952ca29f4676c063bd91900000000000000000000000000000000
0.120952	0.003694	616000	75	30	2 3 5 7 11 13 17 19 23 29 31 37 41 43 47 53 59 61 67 71 73 79 83 89 97 101 103 107 109 113	0.361467	4e6926a5740ef9bfc50442172458999f6e113746d8a5cc28bf93e6cab3e1301d00000000000000000000000000000000
0.136528	0.002172	619000	81	30	2 3 5 7 11 13 17 19 23 29 31 37 41 43 47 53 59 61 67 71 73 79 83 89 97 101 103 107 109 113	0.155125	238d591394f416983993a7805dba80d179d7e2cab768b54ceb5cfd6b9090f97600000000000000000000000000000000
0.152168	0.000395	615000	73	30	2 3 5 7 11 13 17 19 23 29 31 37 41 43 47 53 59 61 67 71 73 79 83 89 97 101 103 107 109 113	0.018969	e0cf20ae87d31e23784ed202936792c6232b343090a29c973f71c4e8c25953f900000000000000000000000000000000
0.191676	0.070663	615000	65	30	2 3 5 7 11 13 17 19 23 29 31 37 41 43 47 53 59 61 67 71 73 79 83 89 97 101 103 107 109 113	0.006380	00aa753ea75262c9c72dceff9528879e07c2b93e3e07dabdc5c0725929d30f1800000000000000000000000000000000
0.133149	0.000810	615000	77	30	2 3 5 7 11 13 17 19 23 29 31 37 41 43 47 53 59 61 67 71 73 79 83 89 97 101 103 107 109 113	0.109714	e24f4913d095053f9e7e0fcdc9937a8fc80e425bbca9b06c48b87cea26fb1f1800000000000000000000000000000000
0.156678	0.001296	400000	83	30	2 3 5 7 11 13 17 19 23 29 31 37 41 43 47 53 59 61 67 71 73 79 83 89 97 101 103 107 109 113	0.029816	1b4c4a8c9795ece6fd52ce2c3c2e34d4fe34fd5df930ef17c277c51614e737ea00000000000000000000000000000000
0.200685	0.094029	600000	77	30	2 3 5 7 11 13 17 19 23 29 31 37 41 43 47 53 59 61 67 71 73 79 83 89 97 101 103 107 109 113	0.000268	4fe5098f06b433cdbdbe47a403fa1f0758b5322672394827df0025f2aad1e5f600000000000000000000000000000000
0.159877	0.000578	900000	83	30	2 3 5 7 11 13 17 19 23 29 31 37 41 43 47 53 59 61 67 71 73 79 83 89 97 101 103 107 109 113	0.014356	b5b35ff9af060a494a6566079733c0f0b28296ac6054691243b4739a6647bf2b00000000000000000000000000000000
0.169300	0.016631	607000	83	30	2 3 5 7 11 13 17 19 23 29 31 37 41 43 47 53 59 61 67 71 73 79 83 89 97 101 103 107 109 113	0.012328	eac0e8a3a5d4e87aeb25f1c032c8eb3300130f9b9581ab177c4935eb7e15622c00000000000000000000000000000000
0.133975	0.020213	605000	73	30	2 3 5 7 11 13 17 19 23 29 31 37 41 43 47 53 59 61 67 71 73 79 83 89 97 101 103 107 109 113	0.104731	ce0c0b44cf3cc6ffd709bd23424f9659244787f87017b84b59634f70b4eaa0af00000000000000000000000000000000
0.166085	0.009397	618000	81	30	2 3 5 7 11 13 17 19 23 29 31 37 41 43 47 53 59 61 67 71 73 79 83 89 97 101 103 107 109 113	0.013015	f57b1106c02367087bdf3a6285e84941d67ea416840bb0ac6c260b8fba91046600000000000000000000000000000000
0.126397	0.008822	617000	67	30	2 3 5 7 11 13 17 19 23 29 31 37 41 43 47 53 59 61 67 71 73 79 83 89 97 101 103 107 109 113	0.235236	13e3e9b505703bd259fa78391dedff3d53713cf7f0e3d94d591526e1f9681dff00000000000000000000000000000000
0.134163	0.008024	619000	69	30	2 3 5 7 11 13 17 19 23 29 31 37 41 43 47 53 59 61 67 71 73 79 83 89 97 101 103 107 109 113	0.103539	327ac9858981e80c46499fd4410efb41d55d9041828143f4954d64b8337c621400000000000000000000000000000000
0.150128	0.005401	616000	81	30	2 3 5 7 11 13 17 19 23 29 31 37 41 43 47 53 59 61 67 71 73 79 83 89 97 101 103 107 109 113	0.059043	9ce74a30d8c69f65558d53ee466eb4f5db0fe6c0845c86587cfa7cb451dcb34400000000000000000000000000000000
0.143170	0.002937	613000	69	30	2 3 5 7 11 13 17 19 23 29 31 37 41 43 47 53 59 61 67 71 73 79 83 89 97 101 103 107 109 113	0.082000	72dde0978715cd60fca18af0808172ad036933055ecc61c40f7585205364177d00000000000000000000000000000000
0.136392	0.003660	615000	71	30	2 3 5 7 11 13 17 19 23 29 31 37 41 43 47 53 59 61 67 71 73 79 83 89 97 101 103 107 109 113	0.099006	242d62fe10d77ead62aadd6830515e7f73fc6a8000bc5671a0b301b41964fe5700000000000000000000000000000000
0.133490	0.006144	600000	65	30	2 3 5 7 11 13 17 19 23 29 31 37 41 43 47 53 59 61 67 71 73 79 83 89 97 101 103 107 109 113	0.228151	3a2ce908fc4cf32183da209ba8a13802f9239b8af9671cb44d3b580c018dfddb00000000000000000000000000000000
0.119192	0.006065	100000	83	30	2 3 5 7 11 13 17 19 23 29 31 37 41 43 47 53 59 61 67 71 73 79 83 89 97 101 103 107 109 113	0.333983	e8b43f10ad3d40409ce0d4b67a3fdf08f5f9df732d9f56033c4eadfd5b2968d900000000000000000000000000000000
0.144550	0.002252	601000	65	30	2 3 5 7 11 13 17 19 23 29 31 37 41 43 47 53 59 61 67 71 73 79 83 89 97 101 103 107 109 113	0.045973	fc958e9ea38db6e636849ce1cb598e12c8dee61e76248371b12b7869823a504f00000000000000000000000000000000
0.185591	0.055374	612000	79	30	2 3 5 7 11 13 17 19 23 29 31 37 41 43 47 53 59 61 67 71 73 79 83 89 97 101 103 107 109 113	0.008331	4c375d715f92c13b47a7ec56025ae375f6eafc72452220451878db55228a555300000000000000000000000000000000
0.135783	0.008245	900000	67	30	2 3 5 7 11 13 17 19 23 29 31 37 41 43 47 53 59 61 67 71 73 79 83 89 97 101 103 107 109 113	0.157730	4fa8902fd868959c80000a6e63b1119d1ff99e7a51b3d08fccef0e5873d017ba00000000000000000000000000000000
0.134131	0.013123	601000	71	30	2 3 5 7 11 13 17 19 23 29 31 37 41 43 47 53 59 61 67 71 73 79 83 89 97 101 103 107 109 113	0.195538	2e1aa1872f27620ec662fe68dd0917b694c35df632e1a3275c592aa4266a185100000000000000000000000000000000
0.134152	0.013881	612000	73	30	2 3 5 7 11 13 17 19 23 29 31 37 41 43 47 53 59 61 67 71 73 79 83 89 97 101 103 107 109 113	0.195619	179d86ef69c0c9c3617dfadeebad00e288fb1cf5f4b039053be6f5ba4db5830300000000000000000000000000000000
0.126432	0.008473	604000	65	30	2 3 5 7 11 13 17 19 23 29 31 37 41 43 47 53 59 61 67 71 73 79 83 89 97 101 103 107 109 113	0.235185	49aba96fae994255d93063367eced78c45d5aaf3092163e2db3bcdc069b12cf900000000000000000000000000000000
0.151629	0.000691	500000	79	30	2 3 5 7 11 13 17 19 23 29 31 37 41 43 47 53 59 61 67 71 73 79 83 89 97 101 103 107 109 113	0.021599	3884534c8611e1d6a3a06fcbbd26ed383fa72fee154c475f1458d2446bd8af9500000000000000000000000000000000
0.117671	0.006392	617000	69	30	2 3 5 7 11 13 17 19 23 29 31 37 41 43 47 53 59 61 67 71 73 79 83 89 97 101 103 107 109 113	0.380345	41d22dc18aeb0842f07022fef8e59ab8a6871905288292a92e5e812bf04f716500000000000000000000000000000000
0.200701	0.094072	599000	77	30	2 3 5 7 11 13 17 19 23 29 31 37 41 43 47 53 59 61 67 71 73 79 83 89 97 101 103 107 109 113	0.000007	ffb60b2c2905f839011fba47f15d4e5aa674b9691f99b10f7828a291fd62ecff00000000000000000000000000000000
0.136393	0.001160	609000	83	30	2 3 5 7 11 13 17 19 23 29 31 37 41 43 47 53 59 61 67 71 73 79 83 89 97 101 103 107 109 113	0.139315	71a4350124a530676907f580d7b2e9f02f4d5022a8a9b58412bc96793e4c8ab600000000000000000000000000000000
0.135220	0.002100	608000	79	30	2 3 5 7 11 13 17 19 23 29 31 37 41 43 47 53 59 61 67 71 73 79 83 89 97 101 103 107 109 113	0.182971	c879ce0acfe644e530dd42e80fbd734b6372ca716b57b9b5525e29517500a5d700000000000000000000000000000000
0.135129	0.006925	601000	69	30	2 3 5 7 11 13 17 19 23 29 31 37 41 43 47 53 59 61 67 71 73 79 83 89 97 101 103 107 109 113	0.126223	99f63e0c8e5bf11b2f89795d1dd15e88c2f15948200078600209d360d0b4a6ac00000000000000000000000000000000
0.149942	0.006240	605000	69	30	2 3 5 7 11 13 17 19 23 29 31 37 41 43 47 53 59 61 67 71 73 79 83 89 97 101 103 107 109 113	0.060353	7033742a9a1ebadbc869dbdf235881ad30790f50f6520a9f9cf999e28b22dd3500000000000000000000000000000000
0.134326	0.009154	619000	73	30	2 3 5 7 11 13 17 19 23 29 31 37 41 43 47 53 59 61 67 71 73 79 83 89 97 101 103 107 109 113	0.515194	00e0134d292ea349aabdb2f58958846953fc6a303e6a79eeee22f19c3cbdf20c00000000000000000000000000000000
0.136952	0.003417	606000	69	30	2 3 5 7 11 13 17 19 23 29 31 37 41 43 47 53 59 61 67 71 73 79 83 89 97 101 103 107 109 113	0.219103	90024787cc86a05ac872677a3b716463968eb81b12fe886f077b8fff9e9265b700000000000000000000000000000000
0.109865	0.000361	614000	73	30	2 3 5 7 11 13 17 19 23 29 31 37 41 43 47 53 59 61 67 71 73 79 83 89 97 101 103 107 109 113	0.695963	00e46c725f6b150a4eb411bc44629352cd35b167e7ab74f20acbfab9435bfb8100000000000000000000000000000000
0.141915	0.001741	615000	67	30	2 3 5 7 11 13 17 19 23 29 31 37 41 43 47 53 59 61 67 71 73 79 83 89 97 101 103 107 109 113	0.068658	1715eb4d45dff75806d98e8aa490f017b4a377f0fe90ceb1e512008f16753f2b00000000000000000000000000000000
0.200700	0.094068	621000	67	30	2 3 5 7 11 13 17 19 23 29 31 37 41 43 47 53 59 61 67 71 73 79 83 89 97 101 103 107 109 113	0.000081	61bc3383e25a3c7ef35c210c69d489a4d66b6ba931c442418d30ed1a85308c1200000000000000000000000000000000
0.141997	0.000829	611000	81	30	2 3 5 7 11 13 17 19 23 29 31 37 41 43 47 53 59 61 67 71 73 79 83 89 97 101 103 107 109 113	0.081053	e7b146d520616b815a3b445b9666a6acfc06174d26dc7e8464ec9f25fcca064800000000000000000000000000000000
0.153358	0.004934	604000	71	30	2 3 5 7 11 13 17 19 23 29 31 37 41 43 47 53 59 61 67 71 73 79 83 89 97 101 103 107 109 113	0.037283	2dc40d402a947810adeab10d4d7c234a9fb98c128c7289a08798d0cda26adb7200000000000000000000000000000000
0.125446	0.015834	609000	67	30	2 3 5 7 11 13 17 19 23 29 31 37 41 43 47 53 59 61 67 71 73 79 83 89 97 101 103 107 109 113	0.285623	4f9e2d4ae2f34cf16a90f2438e447442b0aa73e8d6741c62b32e31e2b61e600800000000000000000000000000000000
0.136618	0.011989	620000	83	30	2 3 5 7 11 13 17 19 23 29 31 37 41 43 47 53 59 61 67 71 73 79 83 89 97 101 103 107 109 113	0.217316	c04a0b031dfe0876d7a29e949b95ff5068127509e67406f046aaef351e7c489b00000000000000000000000000000000
0.150170	0.009400	617000	63	30	2 3 5 7 11 13 17 19 23 29 31 37 41 43 47 53 59 61 67 71 73 79 83 89 97 101 103 107 109 113	0.057809	a45b9c1091d1284fa5d72726a375e60820069b6391379bf4993fbd42d94c81b700000000000000000000000000000000
0.123101	0.006201	612000	67	30	2 3 5 7 11 13 17 19 23 29 31 37 41 43 47 53 59 61 67 71 73 79 83 89 97 101 103 107 109 113	0.353582	372a9181907d7301b08063f95461d97a172705aed7ff32e10548bcdc2c66e81600000000000000000000000000000000
0.200701	0.094072	623000	81	30	2 3 5 7 11 13 17 19 23 29 31 37 41 43 47 53 59 61 67 71 73 79 83 89 97 101 103 107 109 113	0.000017	0c86dc9a3dfddf2fc236823106bc4d8cc509a4cddc0413c1d88ee287622a46d800000000000000000000000000000000
0.119319	0.001214	605000	77	30	2 3 5 7 11 13 17 19 23 29 31 37 41 43 47 53 59 61 67 71 73 79 83 89 97 101 103 107 109 113	0.339946	b60a9e2309d410c3b9b6de8564d6d93482c0dc358b0f527e105538370336f8d100000000000000000000000000000000
0.134360	0.008441	400000	73	30	2 3 5 7 11 13 17 19 23 29 31 37 41 43 47 53 59 61 67 71 73 79 83 89 97 101 103 107 109 113	0.227590	41c89acce6042301c373d67636c1f9f965c5535ae7503c82abe718483fdb45cb00000000000000000000000000000000
0.148067	0.007540	624000	69	30	2 3 5 7 11 13 17 19 23 29 31 37 41 43 47 53 59 61 67 71 73 79 83 89 97 101 103 107 109 113	0.052148	f56ce9dfe43a18cdf24c69c372800479ed52c5a4f4036c6e967c84bb7b5c04a800000000000000000000000000000000
0.150041	0.004772	609000	73	30	2 3 5 7 11 13 17 19 23 29 31 37 41 43 47 53 59 61 67 71 73 79 83 89 97 101 103 107 109 113	0.057300	03b7daff64a40035fde6041b2d640ea62bad15a14ed87124db58f619434987c300000000000000000000000000000000
0.142541	0.004883	200000	71	30	2 3 5 7 11 13 17 19 23 29 31 37 41 43 47 53 59 61 67 71 73 79 83 89 97 101 103 107 109 113	0.081465	eb44ba8a7ff82948d1c07e20fa30c32e2e9e59b0bb228e9754a8452f9e0f552900000000000000000000000000000000
0.119089	0.002024	608000	63	30	2 3 5 7 11 13 17 19 23 29 31 37 41 43 47 53 59 61 67 71 73 79 83 89 97 101 103 107 109 113	0.401523	db02578cfa193b148efb8351f9383b33f80700bbe22e2b2ed09fc53dba56b32b00000000000000000000000000000000
0.200678	0.094009	620000	65	30	2 3 5 7 11 13 17 19 23 29 31 37 41 43 47 53 59 61 67 71 73 79 83 89 97 101 103 107 109 113	0.000324	69795fdcc82a5f2060ac72756da80d94cfd63b5996481140ec386a81eff86f8b00000000000000000000000000000000
0.182143	0.046904	611000	83	30	2 3 5 7 11 13 17 19 23 29 31 37 41 43 47 53 59 61 67 71 73 79 83 89 97 101 103 107 109 113	0.009282	5e18423f0b524beb1dbb3d290d1fc8d06a4685ee4ac858913ac58937f4e32b1000000000000000000000000000000000
0.153633	0.006731	617000	83	30	2 3 5 7 11 13 17 19 23 29 31 37 41 43 47 53 59 61 67 71 73 79 83 89 97 101 103 107 109 113	0.024889	3a8571691e1551378368f92fd93dffc8cbc41ed3cc7926431a627417291b14c900000000000000000000000000000000
0.140332	0.010506	620000	67	30	2 3 5 7 11 13 17 19 23 29 31 37 41 43 47 53 59 61 67 71 73 79 83 89 97 101 103 107 109 113	0.095781	e76ed0ee6915fd8747fbefd47d4ae795ba0ece4d7947e155867aed64325f371500000000000000000000000000000000
0.146251	0.003705	612000	77	30	2 3 5 7 11 13 17 19 23 29 31 37 41 43 47 53 59 61 67 71 73 79 83 89 97 101 103 107 109 113	0.064987	c784b4161ecf565a6c068ccea90cee5499fef0cc41da53c7475c49e951467bfb00000000000000000000000000000000
0.184083	0.051653	605000	75	30	2 3 5 7 11 13 17 19 23 29 31 37 41 43 47 53 59 61 67 71 73 79 83 89 97 101 103 107 109 113	0.008757	b24b9a41dac7d0fcd495a5f71e37ee0c1c7cc0939b1b78ce03c5406b0edd845600000000000000000000000000000000
0.137473	0.010904	613000	67	30	2 3 5 7 11 13 17 19 23 29 31 37 41 43 47 53 59 61 67 71 73 79 83 89 97 101 103 107 109 113	0.172164	664d604c339830e249f502d763c207c891d40df7baf466bfe6062f263cdd7a9800000000000000000000000000000000
0.170569	0.019524	610000	73	30	2 3 5 7 11 13 17 19 23 29 31 37 41 43 47 53 59 61 67 71 73 79 83 89 97 101 103 107 109 113	0.012051	f80a9033699a421391f4d548d5189fdf987c0600776f84e49288113982d93ea500000000000000000000000000000000
0.200701	0.094072	600000	67	30	2 3 5 7 11 13 17 19 23 29 31 37 41 43 47 53 59 61 67 71 73 79 83 89 97 101 103 107 109 113	0.000000	7ac9be0a8a05e8906c10ee27de1759072bbd1a266b2c6261e70f0d1dc8cea0f800000000000000000000000000000000
0.148969	0.017256	611000	67	30	2 3 5 7 11 13 17 19 23 29 31 37 41 43 47 53 59 61 67 71 73 79 83 89 97 101 103 107 109 113	0.062526	a96c4e96b1120f4c35c6adced5b6b12e59f7a339b5a9c2566a75c4ba7da0a8bf00000000000000000000000000000000
0.164045	0.004884	624000	67	30	2 3 5 7 11 13 17 19 23 29 31 37 41 43 47 53 59 61 67 71 73 79 83 89 97 101 103 107 109 113	0.013441	9ae1739997f8221a6c4f95cc23f194636d3431533bb6d49a83c9ae56eaf85d1a00000000000000000000000000000000
0.143469	0.001820	500000	75	30	2 3 5 7 11 13 17 19 23 29 31 37 41 43 47 53 59 61 67 71 73 79 83 89 97 101 103 107 109 113	0.092841	a4ac8e8297ba027b544c7a580e6482abb007a21f080c1512a75ee1e0b6c5a18100000000000000000000000000000000
0.132735	0.003025	800000	69	30	2 3 5 7 11 13 17 19 23 29 31 37 41 43 47 53 59 61 67 71 73 79 83 89 97 101 103 107 109 113	0.108566	f1928528af85b897e6c883942954030dbffe574c980eee471880aa03399cf0d000000000000000000000000000000000
0.152952	0.003898	610000	83	30	2 3 5 7 11 13 17 19 23 29 31 37 41 43 47 53 59 61 67 71 73 79 83 89 97 101 103 107 109 113	0.018063	3191e31a17928eb340a72cb8287ec66e205ad94f258c657c81501fb0727ba9f700000000000000000000000000000000
0.220648	0.099163	604000	81	25	2 3 5 7 11 13 17 19 23 29 31 37 41 43 47 53 59 61 67 71 73 79 83 89 97	0.002232	51b52f1bba5ebeb69c520c8494f0ed09387f173ff86eafa050c6fcb96a69e0b100000000000000000000000000000000
0.151167	0.008863	617000	71	25	2 3 5 7 11 13 17 19 23 29 31 37 41 43 47 53 59 61 67 71 73 79 83 89 97	0.153605	09bae96b240f8d50b19e2a4f47429e96a4ba442e51bdf07c800cbdaa9397375a00000000000000000000000000000000
0.156509	0.007079	605000	81	25	2 3 5 7 11 13 17 19 23 29 31 37 41 43 47 53 59 61 67 71 73 79 83 89 97	0.090683	6f0755d78266fc06d5923f95b0f7464e0fc6ff16da6280cf2581e864a7dbed2500000000000000000000000000000000
0.135706	0.008972	200000	83	25	2 3 5 7 11 13 17 19 23 29 31 37 41 43 47 53 59 61 67 71 73 79 83 89 97	0.274382	18c8c6bf8cfd1a9181ab13546ac12e6d5c5920153de537b70292fb75c0abd4de00000000000000000000000000000000
0.126673	0.005645	608000	73	25	2 3 5 7 11 13 17 19 23 29 31 37 41 43 47 53 59 61 67 71 73 79 83 89 97	0.375436	12bb7a8bebf0cf140f2da916a5f5108b1d2b3a9edba59fae70a377dd857340b800000000000000000000000000000000
0.215088	0.083120	614000	75	25	2 3 5 7 11 13 17 19 23 29 31 37 41 43 47 53 59 61 67 71 73 79 83 89 97	0.006307	07d171dafe29d38fdd24cd1802f02db4bc219a151a502dfe865ba9c6c3039f5e00000000000000000000000000000000
0.214311	0.080917	613000	63	25	2 3 5 7 11 13 17 19 23 29 31 37 41 43 47 53 59 61 67 71 73 79 83 89 97	0.006686	4cd161bf9fd750794a37ce6ff6403597fe9c4d8abdbc6fc5f157c6ee8ffd419900000000000000000000000000000000
0.167291	0.004819	614000	71	25	2 3 5 7 11 13 17 19 23 29 31 37 41 43 47 53 59 61 67 71 73 79 83 89 97	0.025134	965010ee1d7cd2c08806b8165195a267832ae86433d8fc20d02b2310648c357f00000000000000000000000000000000
0.210318	0.069705	608000	71	25	2 3 5 7 11 13 17 19 23 29 31 37 41 43 47 53 59 61 67 71 73 79 83 89 97	0.008393	48cb45bc9d18130dc33d5aab420b4e3ce0a269ed498b4b5e8ed554658de6529600000000000000000000000000000000
0.219693	0.096375	607000	79	25	2 3 5 7 11 13 17 19 23 29 31 37 41 43 47 53 59 61 67 71 73 79 83 89 97	0.003301	495eb242f8b8afd9c672c59f500d47680e054d2323477af50a31d04f78e219b700000000000000000000000000000000
0.128223	0.001276	616000	77	25	2 3 5 7 11 13 17 19 23 29 31 37 41 43 47 53 59 61 67 71 73 79 83 89 97	0.469490	7b0eccd6679aa6272311a9314a77b2404f861687eee786c5476e211bfa0341ed00000000000000000000000000000000
0.164002	0.005418	611000	65	25	2 3 5 7 11 13 17 19 23 29 31 37 41 43 47 53 59 61 67 71 73 79 83 89 97	0.051644	5abc826af855b434e8dd08040e317bf48e7585e67e873d4ffd70d51b0e224d0d00000000000000000000000000000000
0.129562	0.006815	611000	75	25	2 3 5 7 11 13 17 19 23 29 31 37 41 43 47 53 59 61 67 71 73 79 83 89 97	0.366600	2c6f6c2c2172fb7776ba18559062035c84a9c551d4fa32cfa393027df41298bb00000000000000000000000000000000
0.150568	0.003602	622000	75	25	2 3 5 7 11 13 17 19 23 29 31 37 41 43 47 53 59 61 67 71 73 79 83 89 97	0.151046	10491ecd05e2bf24de82b4b9ba59f9e4820ae81c5266d0a50ff8e26ace04004b00000000000000000000000000000000
0.221459	0.101534	608000	75	25	2 3 5 7 11 13 17 19 23 29 31 37 41 43 47 53 59 61 67 71 73 79 83 89 97	0.000019	68ea0bba57b3af566d6044400f5f176dfd76765a57f5bdc38d80f2097098b83400000000000000000000000000000000
0.130565	0.001936	800000	67	25	2 3 5 7 11 13 17 19 23 29 31 37 41 43 47 53 59 61 67 71 73 79 83 89 97	0.559349	c167737be9a9fed9fac7c78edcf807e2e469d3533775c07b3238f5e5aba61a3e00000000000000000000000000000000
0.129900	0.001548	624000	63	25	2 3 5 7 11 13 17 19 23 29 31 37 41 43 47 53 59 61 67 71 73 79 83 89 97	0.405772	7f380434358a3d46df2310a76d698f6da22815880096a9968e2a452bf7a9b03400000000000000000000000000000000
0.221442	0.101484	606000	81	25	2 3 5 7 11 13 17 19 23 29 31 37 41 43 47 53 59 61 67 71 73 79 83 89 97	0.000325	347a6755a2cca986e14b0bf8ba0e9c1b909ac7948db68ebf16f58b9c37eb39a900000000000000000000000000000000
0.148757	0.006351	800000	71	25	2 3 5 7 11 13 17 19 23 29 31 37 41 43 47 53 59 61 67 71 73 79 83 89 97	0.203562	a6a9eb0474ccf465197c40401cfca7cd80adf0ec9955bede1c256519fcaaea5200000000000000000000000000000000
0.129209	0.005345	621000	83	25	2 3 5 7 11 13 17 19 23 29 31 37 41 43 47 53 59 61 67 71 73 79 83 89 97	0.400051	a4c4c557065785085838b13d6d7dad56a70ecc9e8d6109c070df1711dc3b5d0c00000000000000000000000000000000
0.211423	0.072783	608000	69	25	2 3 5 7 11 13 17 19 23 29 31 37 41 43 47 53 59 61 67 71 73 79 83 89 97	0.007954	6c8e3492617c7a3c5d41b0dd6f9004dd0f356d8db70fd0f477db98f00d1a14db00000000000000000000000000000000
0.148527	0.006095	500000	79	25	2 3 5 7 11 13 17 19 23 29 31 37 41 43 47 53 59 61 67 71 73 79 83 89 97	0.181036	7fedc5fbf0b40a1d7fd5fb6da3c9d31b2628d7443f2ee3d1a39c8af82d3ee09600000000000000000000000000000000
0.207774	0.062676	607000	69	25	2 3 5 7 11 13 17 19 23 29 31 37 41 43 47 53 59 61 67 71 73 79 83 89 97	0.009335	744ee170212ef8799553e1c93802780c535788ee3a2a5018431e51cf81e10eeb00000000000000000000000000000000
0.221456	0.101527	200000	83	25	2 3 5 7 11 13 17 19 23 29 31 37 41 43 47 53 59 61 67 71 73 79 83 89 97	0.000124	f29c1dbf996a6fa9332ff0bf5376f89680b692f80885231ecbcf69cc9d2703a800000000000000000000000000000000
0.170175	0.004009	620000	75	25	2 3 5 7 11 13 17 19 23 29 31 37 41 43 47 53 59 61 67 71 73 79 83 89 97	0.032836	441170ec72ade97547083e22dae20cab8cbbff9604e996047cd897f13044e18400000000000000000000000000000000
0.134657	0.005140	800000	79	25	2 3 5 7 11 13 17 19 23 29 31 37 41 43 47 53 59 61 67 71 73 79 83 89 97	0.243973	337bb69bb8de10ddb64c81402c9b2189c0e4333ac5a7c36bdf85e73088874f0c00000000000000000000000000000000
0.134180	0.038966	700000	75	25	2 3 5 7 11 13 17 19 23 29 31 37 41 43 47 53 59 61 67 71 73 79 83 89 97	0.393058	a857f29bc6f46a005f942a4be3e804faa3242fa66167d77fda5889b8e981b4a300000000000000000000000000000000
0.221103	0.100492	605000	83	25	2 3 5 7 11 13 17 19 23 29 31 37 41 43 47 53 59 61 67 71 73 79 83 89 97	0.001478	e4ecc7f12ae8166ef89a7977f0ff894981e314c88c8a2c2ed3485a96d4e0b7e900000000000000000000000000000000
0.203979	0.052381	606000	63	25	2 3 5 7 11 13 17 19 23 29 31 37 41 43 47 53 59 61 67 71 73 79 83 89 97	0.010606	9c3f2171664bb4b2c2002c457fbf5f8710c68cee30b1609c65e825dba7fd8c3600000000000000000000000000000000
0.129168	0.003470	500000	69	25	2 3 5 7 11 13 17 19 23 29 31 37 41 43 47 53 59 61 67 71 73 79 83 89 97	0.367127	59237dfc749f1b4e1d620aefe9ceb3faead495297aeb039f2bd3b92d639f584900000000000000000000000000000000
0.123300	0.002766	613000	83	30	2 3 5 7 11 13 17 19 23 29 31 37 41 43 47 53 59 61 67 71 73 79 83 89 97 101 103 107 109 113	0.246332	1cd58b46d1b7790df1de1c0113274151027823ddfa08e7ce97ed07fe4a30bebc00000000000000000000000000000000
0.134403	0.000261	618000	75	30	2 3 5 7 11 13 17 19 23 29 31 37 41 43 47 53 59 61 67 71 73 79 83 89 97 101 103 107 109 113	0.127319	cea16fe8d7df5e0854f62ffbbc329eac34f75daba6f5473c5fea742463d976c000000000000000000000000000000000
0.154213	0.001730	605000	65	30	2 3 5 7 11 13 17 19 23 29 31 37 41 43 47 53 59 61 67 71 73 79 83 89 97 101 103 107 109 113	0.025972	e62f23df37e37d9217ebb4b365b3706483353edeb04a920763a0a35be2bc779000000000000000000000000000000000
0.200694	0.094054	700000	67	30	2 3 5 7 11 13 17 19 23 29 31 37 41 43 47 53 59 61 67 71 73 79 83 89 97 101 103 107 109 113	0.000174	c68130212853e6725310088baeecc63929d73fc2959508de941c94c197d8972a00000000000000000000000000000000
0.153725	0.003144	617000	81	30	2 3 5 7 11 13 17 19 23 29 31 37 41 43 47 53 59 61 67 71 73 79 83 89 97 101 103 107 109 113	0.017316	d1b56bdac0abaca2b82f740e2522edc5cde96dec430481c8d862619f8154dc8500000000000000000000000000000000
0.137374	0.005615	200000	77	30	2 3 5 7 11 13 17 19 23 29 31 37 41 43 47 53 59 61 67 71 73 79 83 89 97 101 103 107 109 113	0.140531	5e913f1e66e5103d13fe1a1a57ebf770cdf472bd0ae7fa77a80acc8967db6c1b00000000000000000000000000000000
0.135352	0.011288	623000	71	30	2 3 5 7 11 13 17 19 23 29 31 37 41 43 47 53 59 61 67 71 73 79 83 89 97 101 103 107 109 113	0.160390	0f48c7db0d1b6e30bd51dc8982515157ac422df27c537aeabec6bacf4cb3fb6e00000000000000000000000000000000
0.151774	0.002427	624000	81	30	2 3 5 7 11 13 17 19 23 29 31 37 41 43 47 53 59 61 67 71 73 79 83 89 97 101 103 107 109 113	0.020157	7e76a1b0fe51c740c8c90be35b927746003a3346ac9b95e6b53dc2adcde196bd00000000000000000000000000000000
0.144621	0.003785	615000	69	30	2 3 5 7 11 13 17 19 23 29 31 37 41 43 47 53 59 61 67 71 73 79 83 89 97 101 103 107 109 113	0.046281	36f8081f74165fa1db764f614ce2b554008ce1b9f209c4d25b8e5267b955a36b00000000000000000000000000000000
0.191210	0.069478	624000	77	30	2 3 5 7 11 13 17 19 23 29 31 37 41 43 47 53 59 61 67 71 73 79 83 89 97 101 103 107 109 113	0.006547	ce4d6eb35faac4416d93b167fa974137380e675e4bac2abcfe2a071f6a754ac900000000000000000000000000000000
0.116727	0.000235	615000	75	30	2 3 5 7 11 13 17 19 23 29 31 37 41 43 47 53 59 61 67 71 73 79 83 89 97 101 103 107 109 113	0.377760	ce7cc93e8422886a0a716ead104417189b2f3bd882d3174f9f3c43f1494520ca00000000000000000000000000000000
0.121824	0.001238	618000	71	30	2 3 5 7 11 13 17 19 23 29 31 37 41 43 47 53 59 61 67 71 73 79 83 89 97 101 103 107 109 113	0.266909	3f69153849288cdfd18374babd921d8e2ce1e0e88063da964810bb8227eb7ece00000000000000000000000000000000
0.135143	0.017994	900000	67	30	2 3 5 7 11 13 17 19 23 29 31 37 41 43 47 53 59 61 67 71 73 79 83 89 97 101 103 107 109 113	0.135471	67e5e5f466b015c7d4dbb3825b69d5f32ffcfa345c794745b31948f6338140c600000000000000000000000000000000
0.133860	0.003396	618000	67	30	2 3 5 7 11 13 17 19 23 29 31 37 41 43 47 53 59 61 67 71 73 79 83 89 97 101 103 107 109 113	0.198712	dc268ffc1ebe5a32ea9b96f687c0beed3435a918ebcacd0d2d9e1fe2788caad600000000000000000000000000000000
0.120528	0.007396	700000	75	30	2 3 5 7 11 13 17 19 23 29 31 37 41 43 47 53 59 61 67 71 73 79 83 89 97 101 103 107 109 113	0.670403	8ec003fd27270477cbfd5c5522505ef12f9a43045af158c654e4dbd2f1208c7700000000000000000000000000000000
0.113350	0.001322	800000	67	30	2 3 5 7 11 13 17 19 23 29 31 37 41 43 47 53 59 61 67 71 73 79 83 89 97 101 103 107 109 113	0.686140	a13a73bd09077ca088c706419df96885cac4dece386f2fa8fcbb57a3bbb6f6bf00000000000000000000000000000000
0.151735	0.005756	600000	79	30	2 3 5 7 11 13 17 19 23 29 31 37 41 43 47 53 59 61 67 71 73 79 83 89 97 101 103 107 109 113	0.020844	070bdd4b07aea355f3e81d6e9761b9ba67bf8e772f45d6113a20672c1d5284e500000000000000000000000000000000
0.125454	0.006436	610000	63	30	2 3 5 7 11 13 17 19 23 29 31 37 41 43 47 53 59 61 67 71 73 79 83 89 97 101 103 107 109 113	0.237449	d1918868467994dae93006eac17bd92386766f33446d025c0c74e383911e7ff500000000000000000000000000000000
0.147296	0.001282	606000	73	30	2 3 5 7 11 13 17 19 23 29 31 37 41 43 47 53 59 61 67 71 73 79 83 89 97 101 103 107 109 113	0.041582	93f29ab00726b58da209b6ad3d3e5ddf8603eca5bc4bc15216ed00f22a67e22100000000000000000000000000000000
0.145091	0.005802	700000	81	30	2 3 5 7 11 13 17 19 23 29 31 37 41 43 47 53 59 61 67 71 73 79 83 89 97 101 103 107 109 113	0.047235	ae8035398b658928852e26d1a1368ca4a30207cf2c294a013c5b8ae70faa86a700000000000000000000000000000000
0.198807	0.089089	900000	81	30	2 3 5 7 11 13 17 19 23 29 31 37 41 43 47 53 59 61 67 71 73 79 83 89 97 101 103 107 109 113	0.002893	9215ce962689b089190b90d40ca3c0a41eb55081621e1c5084ef0f496d51570b00000000000000000000000000000000
0.146862	0.003772	606000	77	30	2 3 5 7 11 13 17 19 23 29 31 37 41 43 47 53 59 61 67 71 73 79 83 89 97 101 103 107 109 113	0.049993	05801489ab2ab8a9102e9f193fb9c99950cf5179fa15ad5a92e093842574795500000000000000000000000000000000
0.139251	0.007270	400000	83	30	2 3 5 7 11 13 17 19 23 29 31 37 41 43 47 53 59 61 67 71 73 79 83 89 97 101 103 107 109 113	0.144992	2bb38a369a191206273458dc806857b6c9ce89daf2988917a20e7ed62d22de3800000000000000000000000000000000
0.135212	0.002899	605000	63	30	2 3 5 7 11 13 17 19 23 29 31 37 41 43 47 53 59 61 67 71 73 79 83 89 97 101 103 107 109 113	0.161764	d2013f3030f830a77fbd40e4b74d34875c42d952ba42892d6907a6306ce1bc6100000000000000000000000000000000
0.183950	0.051326	607000	63	30	2 3 5 7 11 13 17 19 23 29 31 37 41 43 47 53 59 61 67 71 73 79 83 89 97 101 103 107 109 113	0.008794	b1b30ab1849a84a54d7414c3a849f2e7b2251b0b6239ad98f88f38943e64b7ed00000000000000000000000000000000
0.145092	0.005629	600000	83	30	2 3 5 7 11 13 17 19 23 29 31 37 41 43 47 53 59 61 67 71 73 79 83 89 97 101 103 107 109 113	0.083965	b391f08ab06f8275fb1ea16a8c4bb562a613ce1abc0733255b1c3345fb8fc4b800000000000000000000000000000000
0.116512	0.006974	800000	79	30	2 3 5 7 11 13 17 19 23 29 31 37 41 43 47 53 59 61 67 71 73 79 83 89 97 101 103 107 109 113	0.587449	3a1acf824d5a6e2de1df8658ab783bf7c7aa6b610d8e103bab78b79d67dedcd600000000000000000000000000000000
0.126376	0.008235	500000	75	30	2 3 5 7 11 13 17 19 23 29 31 37 41 43 47 53 59 61 67 71 73 79 83 89 97 101 103 107 109 113	0.323731	ad3062de53f6fc8def67a7dd199bda9ae49d698cb84671092221a5f0b0f0c28c00000000000000000000000000000000
0.200686	0.094031	608000	83	30	2 3 5 7 11 13 17 19 23 29 31 37 41 43 47 53 59 61 67 71 73 79 83 89 97 101 103 107 109 113	0.000263	9cbc62f980dc1190f8755999fd1c30f60297e7c6920df248518d8939dc101f8600000000000000000000000000000000
0.137843	0.001558	100000	83	30	2 3 5 7 11 13 17 19 23 29 31 37 41 43 47 53 59 61 67 71 73 79 83 89 97 101 103 107 109 113	0.150442	225cb3991786f3116d929915334cf188b50378e11bb8e232409be5d7ee349e8400000000000000000000000000000000
0.135468	0.008444	621000	71	30	2 3 5 7 11 13 17 19 23 29 31 37 41 43 47 53 59 61 67 71 73 79 83 89 97 101 103 107 109 113	0.136421	cc08c48c56c013e77c436da88357ee27e4900335a2cd51974d30b422fa472a0900000000000000000000000000000000
0.136067	0.004849	607000	71	30	2 3 5 7 11 13 17 19 23 29 31 37 41 43 47 53 59 61 67 71 73 79 83 89 97 101 103 107 109 113	0.113849	48e4cff372b44e849055cdcf7409c2420b26ec3d5e546f50a2a1abc4c6fc75aa00000000000000000000000000000000
0.124866	0.008015	400000	73	30	2 3 5 7 11 13 17 19 23 29 31 37 41 43 47 53 59 61 67 71 73 79 83 89 97 101 103 107 109 113	0.294698	0337880cbaf2a02f8451bad86617b51d9dcc6f7e8b2bc56e050b7dcb8f56a00100000000000000000000000000000000
0.135759	0.003480	617000	73	30	2 3 5 7 11 13 17 19 23 29 31 37 41 43 47 53 59 61 67 71 73 79 83 89 97 101 103 107 109 113	0.137597	5b61c8c3b823e1c4c93ea96748d07aaabdcc29e84fe6c6bc46d2072754bd50a800000000000000000000000000000000
0.199286	0.090342	500000	63	30	2 3 5 7 11 13 17 19 23 29 31 37 41 43 47 53 59 61 67 71 73 79 83 89 97 101 103 107 109 113	0.002500	de6068aa140cd1430eac4f75e6c79fae809c60322d9369b0c5bfa0195bf4beaf00000000000000000000000000000000
0.200028	0.092294	622000	63	30	2 3 5 7 11 13 17 19 23 29 31 37 41 43 47 53 59 61 67 71 73 79 83 89 97 101 103 107 109 113	0.001723	099502f2d2368e6a4dd0475b829c6604aade1bca5301fdee2861c1795b6b08b300000000000000000000000000000000
0.140151	0.008151	100000	63	30	2 3 5 7 11 13 17 19 23 29 31 37 41 43 47 53 59 61 67 71 73 79 83 89 97 101 103 107 109 113	0.078809	1d09cf324c6e902e95ca781bdbf25ecf5812ab510b30b7ffc701b62164d96cbc00000000000000000000000000000000
0.200701	0.094072	623000	63	30	2 3 5 7 11 13 17 19 23 29 31 37 41 43 47 53 59 61 67 71 73 79 83 89 97 101 103 107 109 113	0.000026	3c3644bc86ae747a446a5c16098063a0f3bf3d5c2f8783c771a7e44540f4489c00000000000000000000000000000000
0.137642	0.006588	600000	81	30	2 3 5 7 11 13 17 19 23 29 31 37 41 43 47 53 59 61 67 71 73 79 83 89 97 101 103 107 109 113	0.140813	759bff496ce5448dd9bd94de69de015256187773bab4c857b6ed98ad49be5ee300000000000000000000000000000000
0.196166	0.082204	611000	77	30	2 3 5 7 11 13 17 19 23 29 31 37 41 43 47 53 59 61 67 71 73 79 83 89 97 101 103 107 109 113	0.004493	ce2b465ddd8a213a91b714396ad5a7fb6e04975fe6bd27ae900f33be813773f600000000000000000000000000000000
0.134493	0.008770	621000	79	30	2 3 5 7 11 13 17 19 23 29 31 37 41 43 47 53 59 61 67 71 73 79 83 89 97 101 103 107 109 113	0.101718	3c9d10305b86a227dc61ec8d172e43cb1087a9cf574ed947845edee563fff4f600000000000000000000000000000000
0.137911	0.001945	800000	81	30	2 3 5 7 11 13 17 19 23 29 31 37 41 43 47 53 59 61 67 71 73 79 83 89 97 101 103 107 109 113	0.116986	1affeded43592413bb4e54a29977539c9570d5e392c42c48e296aa3e393bcecd00000000000000000000000000000000
0.200701	0.094072	622000	71	30	2 3 5 7 11 13 17 19 23 29 31 37 41 43 47 53 59 61 67 71 73 79 83 89 97 101 103 107 109 113	0.000015	8c1487d718ad410d19094129e682ea7849a2376ed2e91933f6bfa355aa94872700000000000000000000000000000000
0.156516	0.002176	610000	75	30	2 3 5 7 11 13 17 19 23 29 31 37 41 43 47 53 59 61 67 71 73 79 83 89 97 101 103 107 109 113	0.029339	de34b3a8ce6e1dbb67211e4c9ee29d34d6c04b58c34b962c0381dcb3fc5fc8b400000000000000000000000000000000
0.196568	0.083248	618000	77	30	2 3 5 7 11 13 17 19 23 29 31 37 41 43 47 53 59 61 67 71 73 79 83 89 97 101 103 107 109 113	0.004287	5bda373a2292f82d6b5a82366022fef388d373e7b207766e1690d3a25c60006900000000000000000000000000000000
0.200701	0.094072	623000	79	30	2 3 5 7 11 13 17 19 23 29 31 37 41 43 47 53 59 61 67 71 73 79 83 89 97 101 103 107 109 113	0.000018	7b5f261ea73857a8b5bf67ac230d11d5d1de974ae64cf9bc8e041b461d954da900000000000000000000000000000000
0.200637	0.093902	614000	77	30	2 3 5 7 11 13 17 19 23 29 31 37 41 43 47 53 59 61 67 71 73 79 83 89 97 101 103 107 109 113	0.000533	73a9e97b9e4a0e52786da53e591049021b0ca4f1b719acc707f65bf72fa9963100000000000000000000000000000000
0.140210	0.000639	800000	83	30	2 3 5 7 11 13 17 19 23 29 31 37 41 43 47 53 59 61 67 71 73 79 83 89 97 101 103 107 109 113	0.070256	18df5b677b623194def8dbf2c4904364af87a0f5c514f111e0ed44390c5bd35500000000000000000000000000000000
0.199657	0.091320	300000	71	30	2 3 5 7 11 13 17 19 23 29 31 37 41 43 47 53 59 61 67 71 73 79 83 89 97 101 103 107 109 113	0.002146	5365b969d0d7b4a3d938c96e89713612afe918c1b941c2c25d79aee4b934f93a00000000000000000000000000000000
0.148264	0.000069	900000	63	30	2 3 5 7 11 13 17 19 23 29 31 37 41 43 47 53 59 61 67 71 73 79 83 89 97 101 103 107 109 113	0.052941	3b25a10bf3fe189c059fb82cb0604e3472fa24784beb7e3dfbc7d7591b0048ea00000000000000000000000000000000
0.157138	0.012571	622000	65	30	2 3 5 7 11 13 17 19 23 29 31 37 41 43 47 53 59 61 67 71 73 79 83 89 97 101 103 107 109 113	0.031367	a8cc59f159b0e76a9daefd56ef5fdce0e4e622ec76072aa05e8bb6e7fbaf5f5f00000000000000000000000000000000
0.139104	0.001915	700000	63	30	2 3 5 7 11 13 17 19 23 29 31 37 41 43 47 53 59 61 67 71 73 79 83 89 97 101 103 107 109 113	0.143377	3f5ec55564c4bf0180ff7c7ed3aa092be3c0d0d4755fb88fc2fef17fb6355ac600000000000000000000000000000000
0.155884	0.008779	619000	77	30	2 3 5 7 11 13 17 19 23 29 31 37 41 43 47 53 59 61 67 71 73 79 83 89 97 101 103 107 109 113	0.034702	1d14671f04d61c436db64b980cb4f221bc777acb0ab52ca178bbdbcac5d5ed8f00000000000000000000000000000000
0.136171	0.007934	800000	69	30	2 3 5 7 11 13 17 19 23 29 31 37 41 43 47 53 59 61 67 71 73 79 83 89 97 101 103 107 109 113	0.310611	4abf1167592d7c4f07616af7366dea3fbc3792ad1fa5417f549b5d8f833d4d7e00000000000000000000000000000000
0.134045	0.005866	800000	71	30	2 3 5 7 11 13 17 19 23 29 31 37 41 43 47 53 59 61 67 71 73 79 83 89 97 101 103 107 109 113	0.190277	a385fecc94f3b0663d2943ff189d2acd71a4af954dccd89858ae65d0fae8a7b500000000000000000000000000000000
0.200601	0.093808	700000	83	30	2 3 5 7 11 13 17 19 23 29 31 37 41 43 47 53 59 61 67 71 73 79 83 89 97 101 103 107 109 113	0.000663	68466472e8ba7c10ad024c5b9ef3a3bee57b3226fccffaeda9326b7df934062600000000000000000000000000000000
0.124960	0.001137	400000	69	30	2 3 5 7 11 13 17 19 23 29 31 37 41 43 47 53 59 61 67 71 73 79 83 89 97 101 103 107 109 113	0.253150	19db175a5d7673d238f1f7c561081106f6c02f0c983a89923b4eebdf5c8cd64500000000000000000000000000000000
0.139693	0.007615	611000	71	30	2 3 5 7 11 13 17 19 23 29 31 37 41 43 47 53 59 61 67 71 73 79 83 89 97 101 103 107 109 113	0.071265	db7f43ef7e1f001ef4103cc2abb11440310a07c76b61d86b00601adf684b92b200000000000000000000000000000000
0.114117	0.008717	618000	73	30	2 3 5 7 11 13 17 19 23 29 31 37 41 43 47 53 59 61 67 71 73 79 83 89 97 101 103 107 109 113	0.453738	63369c41052a0828fa4ada65ef6398a41b3ee2446becc1b994e0021f9649c05100000000000000000000000000000000
0.145182	0.007225	619000	71	30	2 3 5 7 11 13 17 19 23 29 31 37 41 43 47 53 59 61 67 71 73 79 83 89 97 101 103 107 109 113	0.047377	2942c39a6efd9d95494835d87754331577d80ebca7c8bc7ffc8a714040e5dc7600000000000000000000000000000000
0.148648	0.001402	900000	83	24	3 5 7 11 13 17 19 23 29 31 37 41 43 47 53 59 61 67 71 73 79 83 89 97	0.036316	c2c752fb6cf796610595ca180e8e365fbdc45e2041435970d07e3fbb7c5a00e400000000000000000000000000000000
0.116834	0.010011	613000	75	24	3 5 7 11 13 17 19 23 29 31 37 41 43 47 53 59 61 67 71 73 79 83 89 97	0.472031	2bc8b7818a79adf9f1cef624c69dacd7ec96768643939ae83436b422355ff1d600000000000000000000000000000000
0.119180	0.005680	800000	75	24	3 5 7 11 13 17 19 23 29 31 37 41 43 47 53 59 61 67 71 73 79 83 89 97	0.352365	f965bf418ff98d5c55be9221a3f3c30c051be85b13961e86eed08067e9ef72b900000000000000000000000000000000
0.148623	0.000003	624000	83	24	3 5 7 11 13 17 19 23 29 31 37 41 43 47 53 59 61 67 71 73 79 83 89 97	0.036531	31f0665b6f9864cf63e00eed3cf23ef37d9d2acedb8a176961311470a39e38d100000000000000000000000000000000
0.116271	0.006353	610000	79	24	3 5 7 11 13 17 19 23 29 31 37 41 43 47 53 59 61 67 71 73 79 83 89 97	0.468974	02b2c222f9357ce0c563938bd928755202af1863d267e2cc7dac6ef1db1846e500000000000000000000000000000000
0.128383	0.009284	600000	75	24	3 5 7 11 13 17 19 23 29 31 37 41 43 47 53 59 61 67 71 73 79 83 89 97	0.185156	60c3b4813c075c9ffa318b98f5ebb233917dba7b95781d591af20d9de35cb5fa00000000000000000000000000000000
0.199134	0.095675	600000	79	24	3 5 7 11 13 17 19 23 29 31 37 41 43 47 53 59 61 67 71 73 79 83 89 97	0.003519	1caae98e598ecdde7ab4f74162dc35cb8e432e9d71b81e860f0cd1c8af88b04c00000000000000000000000000000000
0.138887	0.007575	620000	77	24	3 5 7 11 13 17 19 23 29 31 37 41 43 47 53 59 61 67 71 73 79 83 89 97	0.060503	60b4329e8a9b9ac78491ca695afc30f67d85fb3e0a4fb0f53b4019fd5122a60c00000000000000000000000000000000
0.120822	0.005212	500000	79	24	3 5 7 11 13 17 19 23 29 31 37 41 43 47 53 59 61 67 71 73 79 83 89 97	0.293539	b8852ed161545bddfa73bad48e0f7cac3150af85da2e58f600bbf28c1ccff5a500000000000000000000000000000000
0.201209	0.101492	500000	67	24	3 5 7 11 13 17 19 23 29 31 37 41 43 47 53 59 61 67 71 73 79 83 89 97	0.000298	d8ef7f11148f5ff4b53074d3feccf8cbf33a8a1fe19de9ca3a4c722d024b66f500000000000000000000000000000000
0.186388	0.061137	621000	81	24	3 5 7 11 13 17 19 23 29 31 37 41 43 47 53 59 61 67 71 73 79 83 89 97	0.009532	7913b8f2450fbe516e1d305f3cca2b11338d17708eed297b6df21ce35860f5c400000000000000000000000000000000
0.150678	0.003173	400000	69	24	3 5 7 11 13 17 19 23 29 31 37 41 43 47 53 59 61 67 71 73 79 83 89 97	0.019526	91892dae7000ddc74d683f23ab6ae7c666155d9899fa869f701255ff0201e68d00000000000000000000000000000000
0.201124	0.101252	400000	63	24	3 5 7 11 13 17 19 23 29 31 37 41 43 47 53 59 61 67 71 73 79 83 89 97	0.000769	10b958114150f92d98ffc5dd67378c32d68a2fe22bc9beb97dd2b178652b589b00000000000000000000000000000000
0.143366	0.006545	700000	69	24	3 5 7 11 13 17 19 23 29 31 37 41 43 47 53 59 61 67 71 73 79 83 89 97	0.049495	8abc590b363cdae9269c7429c5fedb31ba0df44f9c94b02be85df03a9b2185ff00000000000000000000000000000000
0.201223	0.101534	700000	73	24	3 5 7 11 13 17 19 23 29 31 37 41 43 47 53 59 61 67 71 73 79 83 89 97	0.000018	78695084c32529f67be54d2176fdfc25d3ebb27735f84654cd1bec62bcb8e98800000000000000000000000000000000
0.128592	0.012135	604000	73	24	3 5 7 11 13 17 19 23 29 31 37 41 43 47 53 59 61 67 71 73 79 83 89 97	0.319587	0207e31ce5dfd23ed9793ac7b71a6711e07cd1d63f6227976d86fa0a1246a64500000000000000000000000000000000
0.157467	0.003644	622000	83	24	3 5 7 11 13 17 19 23 29 31 37 41 43 47 53 59 61 67 71 73 79 83 89 97	0.017263	afee278edcfc24364b17dc35358b730d1ba8fa50925e86c85a9995c7e2c0cd9b00000000000000000000000000000000
0.191396	0.074455	609000	77	24	3 5 7 11 13 17 19 23 29 31 37 41 43 47 53 59 61 67 71 73 79 83 89 97	0.007708	9ae57c11f0b71a0872850d9f2c45c291bbdcb72a5730b22e10b470c7486b879000000000000000000000000000000000
0.186764	0.062129	607000	67	24	3 5 7 11 13 17 19 23 29 31 37 41 43 47 53 59 61 67 71 73 79 83 89 97	0.009406	3f429bafff357773535de23618ac343c372d1f16ac0701fcda77085c489e146600000000000000000000000000000000
0.122121	0.008851	623000	69	24	3 5 7 11 13 17 19 23 29 31 37 41 43 47 53 59 61 67 71 73 79 83 89 97	0.549805	34c2460683845a18e8304d13794e55f8d09c3f7714d8dfe0239cbb3c038c1a3300000000000000000000000000000000
0.200756	0.100219	604000	63	24	3 5 7 11 13 17 19 23 29 31 37 41 43 47 53 59 61 67 71 73 79 83 89 97	0.001662	fae3f4f5e8b22e7d9ae8561981f326289779dbd8c757ad441c92f05cef792fdc00000000000000000000000000000000
0.139904	0.001131	900000	73	24	3 5 7 11 13 17 19 23 29 31 37 41 43 47 53 59 61 67 71 73 79 83 89 97	0.053955	a96a9a57dcdba08bb80112a8a4b0ada3c089624d3c6d15c8c856768ef7c5d3d900000000000000000000000000000000
0.201224	0.101535	800000	83	24	3 5 7 11 13 17 19 23 29 31 37 41 43 47 53 59 61 67 71 73 79 83 89 97	0.000008	62f38c77402f54aa8d575b008508b4d1039dd61d0fe76fd6908c2c337398c66400000000000000000000000000000000
0.178264	0.040267	400000	69	24	3 5 7 11 13 17 19 23 29 31 37 41 43 47 53 59 61 67 71 73 79 83 89 97	0.011990	29cf1de5dbdfc3f31c01b9148eb1998f934b62ecf33075516e43a912d9a5659300000000000000000000000000000000
0.157825	0.004553	100000	81	24	3 5 7 11 13 17 19 23 29 31 37 41 43 47 53 59 61 67 71 73 79 83 89 97	0.017167	75847f11cfc5b7ac26a3c8256c1b3a8ca19b664b5ade0ee19f64a375fb23358500000000000000000000000000000000
0.123545	0.017395	600000	67	24	3 5 7 11 13 17 19 23 29 31 37 41 43 47 53 59 61 67 71 73 79 83 89 97	0.608980	02175367d9dcf1981449bace0ba7ebddc99c1f28b92b7bf36e16f60788a17c2b00000000000000000000000000000000
0.117406	0.013039	616000	71	24	3 5 7 11 13 17 19 23 29 31 37 41 43 47 53 59 61 67 71 73 79 83 89 97	0.347808	765925170d29f887b2fb6ee1c01b4b2492fc7babb5c9f6975a1ac705c554dc2300000000000000000000000000000000
0.199722	0.097316	700000	71	24	3 5 7 11 13 17 19 23 29 31 37 41 43 47 53 59 61 67 71 73 79 83 89 97	0.002982	74c52c7792184322cffb669a6346e03cb493bc5f33199134645af122d230ab5300000000000000000000000000000000
0.118530	0.018536	607000	65	24	3 5 7 11 13 17 19 23 29 31 37 41 43 47 53 59 61 67 71 73 79 83 89 97	0.388643	d18961706b8b8d2f7c2dcae1c62eeb65de2e2832fe8d023254282e15fcbd867c00000000000000000000000000000000
0.166187	0.011036	300000	67	24	3 5 7 11 13 17 19 23 29 31 37 41 43 47 53 59 61 67 71 73 79 83 89 97	0.015071	ecb90db6d203f5f7e9d64e38d41875072c217cf2b1bf2b20df100b883a24540700000000000000000000000000000000
0.146429	0.001545	900000	83	30	2 3 5 7 11 13 17 19 23 29 31 37 41 43 47 53 59 61 67 71 73 79 83 89 97 101 103 107 109 113	0.042200	7712e91762c9370ab87576125f4664740392aea1b038f3a0a9dd96a8fd51086d00000000000000000000000000000000
0.114620	0.003887	400000	83	30	2 3 5 7 11 13 17 19 23 29 31 37 41 43 47 53 59 61 67 71 73 79 83 89 97 101 103 107 109 113	0.598775	8c5fdd24009ffeed5c66289066c90fe7143c67c50171cdbf5c69befe494349c100000000000000000000000000000000
0.200437	0.093374	400000	67	30	2 3 5 7 11 13 17 19 23 29 31 37 41 43 47 53 59 61 67 71 73 79 83 89 97 101 103 107 109 113	0.001079	069867683ca854e287752403f1cd07ad6a612fb42760eae247ae1998fd6743e300000000000000000000000000000000
0.141159	0.002683	800000	73	30	2 3 5 7 11 13 17 19 23 29 31 37 41 43 47 53 59 61 67 71 73 79 83 89 97 101 103 107 109 113	0.069252	ecc7f6bd68033e1f29b24f8d3cbddfe38ff199f2f9a75bf19959c7dd5663956100000000000000000000000000000000
0.120879	0.015359	612000	63	30	2 3 5 7 11 13 17 19 23 29 31 37 41 43 47 53 59 61 67 71 73 79 83 89 97 101 103 107 109 113	0.394878	4bf4ea9a24802bb23e4607c150046d99c4c8a5ee8eb7c001a2444aab8aeaa81900000000000000000000000000000000
0.130334	0.001548	700000	69	30	2 3 5 7 11 13 17 19 23 29 31 37 41 43 47 53 59 61 67 71 73 79 83 89 97 101 103 107 109 113	0.319574	a013aa106a53ab1c380e7115d391c6c0714e4da4fc58130e5aff159f27c35e7700000000000000000000000000000000
0.192901	0.073791	616000	63	30	2 3 5 7 11 13 17 19 23 29 31 37 41 43 47 53 59 61 67 71 73 79 83 89 97 101 103 107 109 113	0.005921	873bbd4311c9ac1529aaf93338bb15793c8a7d83e946dad7e9747bb84bdba3b200000000000000000000000000000000
0.141859	0.000271	500000	67	30	2 3 5 7 11 13 17 19 23 29 31 37 41 43 47 53 59 61 67 71 73 79 83 89 97 101 103 107 109 113	0.080941	0880beb7d4dc26107cf5b9c560818097792447f31bfaf7ed74ac464b5e65e04200000000000000000000000000000000
0.123862	0.000269	400000	75	30	2 3 5 7 11 13 17 19 23 29 31 37 41 43 47 53 59 61 67 71 73 79 83 89 97 101 103 107 109 113	0.255670	bd2c59cfeccb6cc370345488c8ce8b7653c1737f1549010e42f5d293e55133d900000000000000000000000000000000
0.146941	0.003018	624000	65	30	2 3 5 7 11 13 17 19 23 29 31 37 41 43 47 53 59 61 67 71 73 79 83 89 97 101 103 107 109 113	0.050129	ff3e6fb15b9547aa49e528c24e9f21d2080786f940d774f4a9514db2fbdcd2a900000000000000000000000000000000
0.200140	0.092590	606000	65	30	2 3 5 7 11 13 17 19 23 29 31 37 41 43 47 53 59 61 67 71 73 79 83 89 97 101 103 107 109 113	0.001573	e9192012de78ff52954ccbbf6d7ac6d4dcb5aea4e1a86a7aaf5f539d52c5645300000000000000000000000000000000
0.151772	0.002038	700000	67	30	2 3 5 7 11 13 17 19 23 29 31 37 41 43 47 53 59 61 67 71 73 79 83 89 97 101 103 107 109 113	0.020113	826de38558354f0302a103a14bb5d77982499994399b5613239a5992208c8eb400000000000000000000000000000000
0.128691	0.004007	600000	79	30	2 3 5 7 11 13 17 19 23 29 31 37 41 43 47 53 59 61 67 71 73 79 83 89 97 101 103 107 109 113	0.232270	2386417f478b2785e73aed798a5017024849be25c848595874a2e7459b5f09af00000000000000000000000000000000
0.137317	0.004646	600000	69	30	2 3 5 7 11 13 17 19 23 29 31 37 41 43 47 53 59 61 67 71 73 79 83 89 97 101 103 107 109 113	0.115662	b7fcafba1f69bc008ffbe2001c8cd73902360f5e1fbab83eb671a05659f5862200000000000000000000000000000000
0.156768	0.000864	611000	73	30	2 3 5 7 11 13 17 19 23 29 31 37 41 43 47 53 59 61 67 71 73 79 83 89 97 101 103 107 109 113	0.015336	33f2f10d4a1579ac9b492084a08be3156ee61bda3b037848e4b2b50a2663153800000000000000000000000000000000
0.149375	0.003461	609000	79	30	2 3 5 7 11 13 17 19 23 29 31 37 41 43 47 53 59 61 67 71 73 79 83 89 97 101 103 107 109 113	0.054808	2ac4626e35882970bffad3be015ef756a900de16fc13035e7f8c5934bbf5100d00000000000000000000000000000000
0.200511	0.093568	613000	65	30	2 3 5 7 11 13 17 19 23 29 31 37 41 43 47 53 59 61 67 71 73 79 83 89 97 101 103 107 109 113	0.000917	75753acb5e43c842437fe2c7d457a53710c7f58cab3ee2763c97ba0c9f422fdb00000000000000000000000000000000
0.158990	0.000916	700000	69	30	2 3 5 7 11 13 17 19 23 29 31 37 41 43 47 53 59 61 67 71 73 79 83 89 97 101 103 107 109 113	0.014592	df6c64bc77bc0eb681183defd82aea4ce8b12fc820af4bb32462f132fd93486f00000000000000000000000000000000
0.157000	0.007367	900000	73	30	2 3 5 7 11 13 17 19 23 29 31 37 41 43 47 53 59 61 67 71 73 79 83 89 97 101 103 107 109 113	0.032346	a298dde27de75a17cac9b0f285b87c58e3e7e47f9329f3c3d8e8eef924da0e8200000000000000000000000000000000
0.200108	0.092505	608000	77	30	2 3 5 7 11 13 17 19 23 29 31 37 41 43 47 53 59 61 67 71 73 79 83 89 97 101 103 107 109 113	0.001617	5b3d4faf8131362328cdb9117d841217ba2cacd835177bd4a2116b14082acba100000000000000000000000000000000
0.135329	0.002033	800000	77	30	2 3 5 7 11 13 17 19 23 29 31 37 41 43 47 53 59 61 67 71 73 79 83 89 97 101 103 107 109 113	0.099967	7b8cfc0c4cf3218788fc3d8cbcadc560d9b250c71a1fe8e404136816a788fb3e00000000000000000000000000000000
0.196394	0.082794	620000	73	30	2 3 5 7 11 13 17 19 23 29 31 37 41 43 47 53 59 61 67 71 73 79 83 89 97 101 103 107 109 113	0.004378	db485989195aa9bfbfcf653ef5279dcbc94ea11679a176b5612c6acbd0e01f7d00000000000000000000000000000000
0.135302	0.007797	500000	81	30	2 3 5 7 11 13 17 19 23 29 31 37 41 43 47 53 59 61 67 71 73 79 83 89 97 101 103 107 109 113	0.125842	c9dcedcdcf38dd809e190b051d70fcecbec92dc176d1f57c048a47aca164c1a900000000000000000000000000000000
0.198918	0.089379	700000	79	30	2 3 5 7 11 13 17 19 23 29 31 37 41 43 47 53 59 61 67 71 73 79 83 89 97 101 103 107 109 113	0.002807	a659a88782d2c9a5718db05c6c8d2ef68b36544266bc37292b5141b069c1632a00000000000000000000000000000000
0.188450	0.062507	400000	71	30	2 3 5 7 11 13 17 19 23 29 31 37 41 43 47 53 59 61 67 71 73 79 83 89 97 101 103 107 109 113	0.007469	f807614a8d7a9ee0e33f4498309e04f9d3bc3c0b8362a044dd108a923ec0aa9500000000000000000000000000000000
0.194402	0.077641	613000	77	30	2 3 5 7 11 13 17 19 23 29 31 37 41 43 47 53 59 61 67 71 73 79 83 89 97 101 103 107 109 113	0.005310	6c69ecc43bb8f4b89b2d52e578298c24ad8f47a1827f912a5c859c5e27cae96a00000000000000000000000000000000
0.134551	0.006221	604000	77	30	2 3 5 7 11 13 17 19 23 29 31 37 41 43 47 53 59 61 67 71 73 79 83 89 97 101 103 107 109 113	0.187939	081ef2cb2d8972bb19706fc843f587c8cbe9e9158ea020592b058c17282020b600000000000000000000000000000000
0.175129	0.030106	619000	67	30	2 3 5 7 11 13 17 19 23 29 31 37 41 43 47 53 59 61 67 71 73 79 83 89 97 101 103 107 109 113	0.011018	725b020ce49a78ae2dd00d660a1f881b282c5c0ba399100cdae9d2f1cdb1d55f00000000000000000000000000000000
0.143619	0.001057	100000	83	30	2 3 5 7 11 13 17 19 23 29 31 37 41 43 47 53 59 61 67 71 73 79 83 89 97 101 103 107 109 113	0.092656	ca39913a91bceea89ebf2114048e94645e9f337ffc80f8dae6742262d790941b00000000000000000000000000000000
0.155340	0.007477	617000	77	30	2 3 5 7 11 13 17 19 23 29 31 37 41 43 47 53 59 61 67 71 73 79 83 89 97 101 103 107 109 113	0.035389	58166254f586fc6d66067a25fe403ea69f4b47d15b1463fa6a10d246643a656200000000000000000000000000000000
