{
  "curve": {
    "label": "11a1",
    "conductor": 11,
    "a": {
      "a1": 1,
      "a2": -1,
      "a3": 0,
      "a4": -10,
      "a6": -20
    }
  },
  "invariants": {
    "b2": -3,
    "b4": -20,
    "b6": -80,
    "b8": -40,
    "delta": -151640
  },
  "panel": {
    "path": "analysis/atlas/11a1/ap.tsv",
    "primes_evaluated": 43,
    "pmax": 199
  },
  "checks": {
    "hasse": {
      "violations": 0,
      "max_ratio": 0.857868,
      "worst_p": 197
    },
    "parity": {
      "root_number": 1,
      "locals": [
        {
          "p": 5,
          "w": "unknown"
        },
        {
          "p": 17,
          "w": "+1"
        }
      ]
    }
  },
  "numerics": {
    "Lhalf": 1.659629960E-7,
    "L1": 2.1044324184558376,
    "two_scale_agree": {
      "half": false,
      "one": false
    },
    "tail_proxy": {
      "half": 343.512198,
      "one": 7.829150,
      "method": "panel_truncation_awk"
    }
  }
}
