244000,-127264	69822
244000,-129264	68441
244000,-131264	67091
244000,-133264	65775
244000,-135264	64493
244000,-137264	63249
244000,-139264	62044
244000,-141264	60881
244000,-143264	59763
244000,-145264	58691
244000,-147264	57669
244000,-149264	56699
244000,-151264	55784
244000,-153264	54926
244000,-155264	54129
244000,-157264	53395
244000,-159264	52726
244000,-161264	52126
244000,-163264	51596
244000,-165264	51139
244000,-167264	50757
244000,-169264	50451
244000,-171264	50223
244000,-173264	50074
244000,-175264	50005
244000,-177264	50015
244000,-179264	50106
244000,-181264	50276
244000,-183264	50524
244000,-185264	50850
244000,-187264	51253
244000,-189264	51729
244000,-191264	52278
244000,-193264	52896
244000,-195264	53582
244000,-197264	54333
244000,-199264	55147
244000,-201264	56020
244000,-203264	56950
244000,-205264	57934
244000,-207264	58969
244000,-209264	60054
244000,-211264	61184
244000,-213264	62358
244000,-215264	63574
244000,-217264	64828
244000,-219264	66119
244000,-221264	67445
244000,-223264	68803
244000,-225264	70192
244000,-227264	71610
244000,-229264	73055
244000,-231264	74525
244000,-233264	76020
244000,-235264	77538
244000,-237264	79077
244000,-239264	80637
244000,-241264	82215
246000,-127264	68404
246000,-129264	66994
246000,-131264	65614
246000,-133264	64267
246000,-135264	62955
246000,-137264	61680
246000,-139264	60444
246000,-141264	59250
246000,-143264	58100
246000,-145264	56997
246000,-147264	55944
246000,-149264	54943
246000,-151264	53998
246000,-153264	53112
246000,-155264	52287
246000,-157264	51527
246000,-159264	50833
246000,-161264	50211
246000,-163264	49660
246000,-165264	49185
246000,-167264	48788
246000,-169264	48470
246000,-171264	48233
246000,-173264	48077
246000,-175264	48005
246000,-177264	48016
246000,-179264	48110
246000,-181264	48287
246000,-183264	48546
246000,-185264	48885
246000,-187264	49303
246000,-189264	49798
246000,-191264	50368
246000,-193264	51010
246000,-195264	51721
246000,-197264	52499
246000,-199264	53340
246000,-201264	54242
246000,-203264	55202
246000,-205264	56217
246000,-207264	57283
246000,-209264	58399
246000,-211264	59561
246000,-213264	60766
246000,-215264	62013
246000,-217264	63298
246000,-219264	64620
246000,-221264	65975
246000,-223264	67363
246000,-225264	68781
246000,-227264	70228
246000,-229264	71701
246000,-231264	73199
246000,-233264	74720
246000,-235264	76264
246000,-237264	77828
246000,-239264	79412
246000,-241264	81014
248000,-127264	67016
248000,-129264	65576
248000,-131264	64166
248000,-133264	62788
248000,-135264	61444
248000,-137264	60137
248000,-139264	58868
248000,-141264	57641
248000,-143264	56459
248000,-145264	55323
248000,-147264	54237
248000,-149264	53205
248000,-151264	52229
248000,-153264	51312
248000,-155264	50457
248000,-157264	49669
248000,-159264	48949
248000,-161264	48302
248000,-163264	47730
248000,-165264	47236
248000,-167264	46822
248000,-169264	46490
248000,-171264	46243
248000,-173264	46081
248000,-175264	46005
248000,-177264	46017
248000,-179264	46115
248000,-181264	46300
248000,-183264	46570
248000,-185264	46923
248000,-187264	47359
248000,-189264	47874
248000,-191264	48466
248000,-193264	49132
248000,-195264	49870
248000,-197264	50676
248000,-199264	51548
248000,-201264	52481
248000,-203264	53472
248000,-205264	54519
248000,-207264	55618
248000,-209264	56767
248000,-211264	57961
248000,-213264	59199
248000,-215264	60478
248000,-217264	61795
248000,-219264	63148
248000,-221264	64535
248000,-223264	65953
248000,-225264	67401
248000,-227264	68876
248000,-229264	70377
248000,-231264	71903
248000,-233264	73451
248000,-235264	75021
248000,-237264	76611
248000,-239264	78219
248000,-241264	79846
250000,-127264	65659
250000,-129264	64189
250000,-131264	62747
250000,-133264	61338
250000,-135264	59961
250000,-137264	58621
250000,-139264	57319
250000,-141264	56058
250000,-143264	54842
250000,-145264	53672
250000,-147264	52552
250000,-149264	51486
250000,-151264	50476
250000,-153264	49527
250000,-155264	48641
250000,-157264	47822
250000,-159264	47075
250000,-161264	46402
250000,-163264	45806
250000,-165264	45290
250000,-167264	44858
250000,-169264	44512
250000,-171264	44254
250000,-173264	44084
250000,-175264	44006
250000,-177264	44018
250000,-179264	44120
250000,-181264	44313
250000,-183264	44595
250000,-185264	44964
250000,-187264	45418
250000,-189264	45955
250000,-191264	46572
250000,-193264	47265
250000,-195264	48032
250000,-197264	48868
250000,-199264	49771
250000,-201264	50737
250000,-203264	51762
250000,-205264	52842
250000,-207264	53976
250000,-209264	55158
250000,-211264	56387
250000,-213264	57659
250000,-215264	58971
250000,-217264	60321
250000,-219264	61707
250000,-221264	63125
250000,-223264	64574
250000,-225264	66052
250000,-227264	67557
250000,-229264	69087
250000,-231264	70640
250000,-233264	72216
250000,-235264	73812
250000,-237264	75427
250000,-239264	77060
250000,-241264	78710
252000,-127264	64336
252000,-129264	62835
252000,-131264	61362
252000,-133264	59919
252000,-135264	58510
252000,-137264	57135
252000,-139264	55799
252000,-141264	54503
252000,-143264	53250
252000,-145264	52045
252000,-147264	50889
252000,-149264	49787
252000,-151264	48742
252000,-153264	47759
252000,-155264	46839
252000,-157264	45989
252000,-159264	45211
252000,-161264	44510
252000,-163264	43888
252000,-165264	43350
252000,-167264	42898
252000,-169264	42536
252000,-171264	42266
252000,-173264	42089
252000,-175264	42006
252000,-177264	42019
252000,-179264	42126
252000,-181264	42328
252000,-183264	42623
252000,-185264	43009
252000,-187264	43484
252000,-189264	44044
252000,-191264	44687
252000,-193264	45409
252000,-195264	46207
252000,-197264	47076
252000,-199264	48012
252000,-201264	49012
252000,-203264	50073
252000,-205264	51189
252000,-207264	52358
252000,-209264	53576
252000,-211264	54841
252000,-213264	56148
252000,-215264	57494
252000,-217264	58878
252000,-219264	60297
252000,-221264	61748
252000,-223264	63228
252000,-225264	64737
252000,-227264	66272
252000,-229264	67831
252000,-231264	69412
252000,-233264	71015
252000,-235264	72637
252000,-237264	74278
252000,-239264	75936
252000,-241264	77610
254000,-127264	63049
254000,-129264	61516
254000,-131264	60010
254000,-133264	58535
254000,-135264	57091
254000,-137264	55681
254000,-139264	54309
254000,-141264	52977
254000,-143264	51687
254000,-145264	50445
254000,-147264	49251
254000,-149264	48112
254000,-151264	47030
254000,-153264	46010
254000,-155264	45055
254000,-157264	44170
254000,-159264	43360
254000,-161264	42628
254000,-163264	41978
254000,-165264	41415
254000,-167264	40942
254000,-169264	40563
254000,-171264	40279
254000,-173264	40093
254000,-175264	40006
254000,-177264	40019
254000,-179264	40132
254000,-181264	40344
254000,-183264	40654
254000,-185264	41058
254000,-187264	41555
254000,-189264	42141
254000,-191264	42813
254000,-193264	43566
254000,-195264	44397
254000,-197264	45300
254000,-199264	46273
254000,-201264	47310
254000,-203264	48407
254000,-205264	49561
254000,-207264	50768
254000,-209264	52023
254000,-211264	53324
254000,-213264	54668
254000,-215264	56050
254000,-217264	57469
254000,-219264	58921
254000,-221264	60405
254000,-223264	61918
254000,-225264	63458
254000,-227264	65023
254000,-229264	66611
254000,-231264	68221
254000,-233264	69851
254000,-235264	71499
254000,-237264	73166
254000,-239264	74848
254000,-241264	76546
256000,-127264	61799
256000,-129264	60234
256000,-131264	58696
256000,-133264	57187
256000,-135264	55708
256000,-137264	54263
256000,-139264	52853
256000,-141264	51483
256000,-143264	50156
256000,-145264	48874
256000,-147264	47641
256000,-149264	46463
256000,-151264	45341
256000,-153264	44282
256000,-155264	43289
256000,-157264	42367
256000,-159264	41522
256000,-161264	40757
256000,-163264	40077
256000,-165264	39487
256000,-167264	38991
256000,-169264	38592
256000,-171264	38293
256000,-173264	38098
256000,-175264	38007
256000,-177264	38021
256000,-179264	38139
256000,-181264	38362
256000,-183264	38688
256000,-185264	39112
256000,-187264	39634
256000,-189264	40248
256000,-191264	40951
256000,-193264	41737
256000,-195264	42604
256000,-197264	43544
256000,-199264	44555
256000,-201264	45631
256000,-203264	46768
256000,-205264	47962
256000,-207264	49208
256000,-209264	50502
256000,-211264	51841
256000,-213264	53222
256000,-215264	54641
256000,-217264	56095
256000,-219264	57582
256000,-221264	59100
256000,-223264	60645
256000,-225264	62216
256000,-227264	63812
256000,-229264	65429
256000,-231264	67067
256000,-233264	68725
256000,-235264	70400
256000,-237264	72092
256000,-239264	73799
256000,-241264	75520
258000,-127264	60590
258000,-129264	58993
258000,-131264	57422
258000,-133264	55878
258000,-135264	54363
258000,-137264	52881
258000,-139264	51434
258000,-141264	50025
258000,-143264	48658
258000,-145264	47336
258000,-147264	46062
258000,-149264	44842
258000,-151264	43679
258000,-153264	42578
258000,-155264	41544
258000,-157264	40583
258000,-159264	39700
258000,-161264	38899
258000,-163264	38186
258000,-165264	37566
258000,-167264	37044
258000,-169264	36624
258000,-171264	36310
258000,-173264	36103
258000,-175264	36007
258000,-177264	36022
258000,-179264	36147
258000,-181264	36382
258000,-183264	36725
258000,-185264	37172
258000,-187264	37721
258000,-189264	38365
258000,-191264	39102
258000,-193264	39925
258000,-195264	40830
258000,-197264	41810
258000,-199264	42862
258000,-201264	43980
258000,-203264	45158
258000,-205264	46393
258000,-207264	47680
258000,-209264	49015
258000,-211264	50393
258000,-213264	51813
258000,-215264	53269
258000,-217264	54760
258000,-219264	56282
258000,-221264	57834
258000,-223264	59412
258000,-225264	61015
258000,-227264	62641
258000,-229264	64288
258000,-231264	65955
258000,-233264	67639
258000,-235264	69341
258000,-237264	71058
258000,-239264	72789
258000,-241264	74534
260000,-127264	59423
260000,-129264	57794
260000,-131264	56189
260000,-133264	54611
260000,-135264	53060
260000,-137264	51541
260000,-139264	50055
260000,-141264	48606
260000,-143264	47197
260000,-145264	45833
260000,-147264	44516
260000,-149264	43252
260000,-151264	42046
260000,-153264	40901
260000,-155264	39824
260000,-157264	38820
260000,-159264	37895
260000,-161264	37056
260000,-163264	36307
260000,-165264	35654
260000,-167264	35104
260000,-169264	34660
260000,-171264	34328
260000,-173264	34109
260000,-175264	34007
260000,-177264	34023
260000,-179264	34156
260000,-181264	34405
260000,-183264	34767
260000,-185264	35239
260000,-187264	35817
260000,-189264	36495
260000,-191264	37269
260000,-193264	38131
260000,-195264	39078
260000,-197264	40101
260000,-199264	41197
260000,-201264	42358
260000,-203264	43581
260000,-205264	44859
260000,-207264	46189
260000,-209264	47565
260000,-211264	48985
260000,-213264	50444
260000,-215264	51939
260000,-217264	53466
260000,-219264	55025
260000,-221264	56611
260000,-223264	58222
260000,-225264	59857
260000,-227264	61514
260000,-229264	63190
260000,-231264	64885
260000,-233264	66597
260000,-235264	68324
260000,-237264	70066
260000,-239264	71821
260000,-241264	73589
262000,-127264	58302
262000,-129264	56641
262000,-131264	55002
262000,-133264	53388
262000,-135264	51801
262000,-137264	50244
262000,-139264	48718
262000,-141264	47229
262000,-143264	45778
262000,-145264	44370
262000,-147264	43008
262000,-149264	41699
262000,-151264	40445
262000,-153264	39254
262000,-155264	38131
262000,-157264	37081
262000,-159264	36112
262000,-161264	35229
262000,-163264	34441
262000,-165264	33752
262000,-167264	33171
262000,-169264	32701
262000,-171264	32348
262000,-173264	32116
262000,-175264	32008
262000,-177264	32024
262000,-179264	32166
262000,-181264	32430
262000,-183264	32814
262000,-185264	33313
262000,-187264	33924
262000,-189264	34640
262000,-191264	35454
262000,-193264	36359
262000,-195264	37351
262000,-197264	38420
262000,-199264	39562
262000,-201264	40770
262000,-203264	42039
262000,-205264	43363
262000,-207264	44737
262000,-209264	46157
262000,-211264	47618
262000,-213264	49118
262000,-215264	50652
262000,-217264	52217
262000,-219264	53812
262000,-221264	55433
262000,-223264	57077
262000,-225264	58744
262000,-227264	60431
262000,-229264	62137
262000,-231264	63860
262000,-233264	65598
262000,-235264	67351
262000,-237264	69117
262000,-239264	70896
262000,-241264	72686
264000,-127264	57229
264000,-129264	55536
264000,-131264	53863
264000,-133264	52214
264000,-135264	50590
264000,-137264	48994
264000,-139264	47429
264000,-141264	45897
264000,-143264	44403
264000,-145264	42949
264000,-147264	41542
264000,-149264	40184
264000,-151264	38882
264000,-153264	37642
264000,-155264	36468
264000,-157264	35370
264000,-159264	34352
264000,-161264	33423
264000,-163264	32591
264000,-165264	31863
264000,-167264	31246
264000,-169264	30746
264000,-171264	30371
264000,-173264	30124
264000,-175264	30009
264000,-177264	30026
264000,-179264	30177
264000,-181264	30458
264000,-183264	30866
264000,-185264	31397
264000,-187264	32044
264000,-189264	32801
264000,-191264	33659
264000,-193264	34612
264000,-195264	35652
264000,-197264	36771
264000,-199264	37963
264000,-201264	39220
264000,-203264	40537
264000,-205264	41909
264000,-207264	43329
264000,-209264	44793
264000,-211264	46298
264000,-213264	47839
264000,-215264	49413
264000,-217264	51016
264000,-219264	52647
264000,-221264	54303
264000,-223264	55981
264000,-225264	57679
264000,-227264	59396
264000,-229264	61131
264000,-231264	62881
264000,-233264	64646
264000,-235264	66424
264000,-237264	68214
264000,-239264	70016
264000,-241264	71828
266000,-127264	56206
266000,-129264	54481
266000,-131264	52776
266000,-133264	51091
266000,-135264	49430
266000,-137264	47796
266000,-139264	46190
266000,-141264	44616
266000,-143264	43077
266000,-145264	41577
266000,-147264	40121
266000,-149264	38714
266000,-151264	37361
266000,-153264	36068
266000,-155264	34842
266000,-157264	33690
266000,-159264	32620
266000,-161264	31640
266000,-163264	30760
266000,-165264	29987
266000,-167264	29331
266000,-169264	28798
266000,-171264	28397
266000,-173264	28133
266000,-175264	28009
266000,-177264	28028
266000,-179264	28189
266000,-181264	28490
266000,-183264	28926
266000,-185264	29492
266000,-187264	30180
266000,-189264	30982
266000,-191264	31890
266000,-193264	32894
266000,-195264	33986
266000,-197264	35159
266000,-199264	36403
266000,-201264	37712
266000,-203264	39081
266000,-205264	40501
266000,-207264	41969
266000,-209264	43479
266000,-211264	45028
266000,-213264	46611
266000,-215264	48225
266000,-217264	49867
266000,-219264	51534
266000,-221264	53224
266000,-223264	54935
266000,-225264	56665
266000,-227264	58412
266000,-229264	60175
266000,-231264	61952
266000,-233264	63742
266000,-235264	65545
266000,-237264	67359
266000,-239264	69183
266000,-241264	71016
268000,-127264	55237
268000,-129264	53481
268000,-131264	51742
268000,-133264	50023
268000,-135264	48326
268000,-137264	46652
268000,-139264	45005
268000,-141264	43388
268000,-143264	41804
268000,-145264	40257
268000,-147264	38752
268000,-149264	37293
268000,-151264	35886
268000,-153264	34538
268000,-155264	33256
268000,-157264	32047
268000,-159264	30920
268000,-161264	29885
268000,-163264	28951
268000,-165264	28129
268000,-167264	27428
268000,-169264	26858
268000,-171264	26427
268000,-173264	26143
268000,-175264	26010
268000,-177264	26030
268000,-179264	26204
268000,-181264	26527
268000,-183264	26995
268000,-185264	27601
268000,-187264	28335
268000,-189264	29187
268000,-191264	30149
268000,-193264	31209
268000,-195264	32358
268000,-197264	33588
268000,-199264	34888
268000,-201264	36252
268000,-203264	37673
268000,-205264	39145
268000,-207264	40662
268000,-209264	42219
268000,-211264	43812
268000,-213264	45437
268000,-215264	47092
268000,-217264	48772
268000,-219264	50475
268000,-221264	52199
268000,-223264	53943
268000,-225264	55704
268000,-227264	57480
268000,-229264	59271
268000,-231264	61074
268000,-233264	62890
268000,-235264	64716
268000,-237264	66552
268000,-239264	68398
268000,-241264	70252
270000,-127264	54324
270000,-129264	52538
270000,-131264	50767
270000,-133264	49013
270000,-135264	47280
270000,-137264	45568
270000,-139264	43880
270000,-141264	42220
270000,-143264	40591
270000,-145264	38996
270000,-147264	37440
270000,-149264	35927
270000,-151264	34465
270000,-153264	33059
270000,-155264	31717
270000,-157264	30447
270000,-159264	29259
270000,-161264	28162
270000,-163264	27169
270000,-165264	26291
270000,-167264	25540
270000,-169264	24927
270000,-171264	24462
270000,-173264	24155
270000,-175264	24011
270000,-177264	24033
270000,-179264	24220
270000,-181264	24570
270000,-183264	25075
270000,-185264	25725
270000,-187264	26511
270000,-189264	27421
270000,-191264	28442
270000,-193264	29564
270000,-195264	30775
270000,-197264	32064
270000,-199264	33424
270000,-201264	34846
270000,-203264	36322
270000,-205264	37846
270000,-207264	39413
270000,-209264	41018
270000,-211264	42656
270000,-213264	44323
270000,-215264	46018
270000,-217264	47735
270000,-219264	49474
270000,-221264	51233
270000,-223264	53008
270000,-225264	54799
270000,-227264	56603
270000,-229264	58421
270000,-231264	60250
270000,-233264	62089
270000,-235264	63939
270000,-237264	65797
270000,-239264	67663
270000,-241264	69536
272000,-127264	53471
272000,-129264	51655
272000,-131264	49852
272000,-133264	48066
272000,-135264	46297
272000,-137264	44547
272000,-139264	42819
272000,-141264	41116
272000,-143264	39441
272000,-145264	37798
272000,-147264	36190
272000,-149264	34623
272000,-151264	33103
272000,-153264	31637
272000,-155264	30232
272000,-157264	28897
272000,-159264	27642
272000,-161264	26479
272000,-163264	25420
272000,-165264	24479
272000,-167264	23671
272000,-169264	23008
272000,-171264	22503
272000,-173264	22169
272000,-175264	22012
272000,-177264	22036
272000,-179264	22240
272000,-181264	22621
272000,-183264	23168
272000,-185264	23870
272000,-187264	24715
272000,-189264	25689
272000,-191264	26776
272000,-193264	27965
272000,-195264	29242
272000,-197264	30596
272000,-199264	32018
272000,-201264	33500
272000,-203264	35033
272000,-205264	36611
272000,-207264	38228
272000,-209264	39880
272000,-211264	41563
272000,-213264	43273
272000,-215264	45007
272000,-217264	46762
272000,-219264	48536
272000,-221264	50327
272000,-223264	52133
272000,-225264	53953
272000,-227264	55785
272000,-229264	57628
272000,-231264	59482
272000,-233264	61344
272000,-235264	63215
272000,-237264	65094
272000,-239264	66980
272000,-241264	68592
274000,-127264	52680
274000,-129264	50835
274000,-131264	49003
274000,-133264	47184
274000,-135264	45380
274000,-137264	43594
274000,-139264	41827
274000,-141264	40082
274000,-143264	38362
274000,-145264	36670
274000,-147264	35010
274000,-149264	33388
274000,-151264	31809
274000,-153264	30280
274000,-155264	28809
274000,-157264	27405
274000,-159264	26078
274000,-161264	24842
274000,-163264	23710
274000,-165264	22699
274000,-167264	21824
274000,-169264	21103
274000,-171264	20553
274000,-173264	20186
274000,-175264	20013
274000,-177264	20039
274000,-179264	20264
274000,-181264	20681
274000,-183264	21278
274000,-185264	22041
274000,-187264	22953
274000,-189264	23998
274000,-191264	25159
274000,-193264	26420
274000,-195264	27768
274000,-197264	29191
274000,-199264	30679
274000,-201264	32222
274000,-203264	33813
274000,-205264	35445
274000,-207264	37113
274000,-209264	38813
274000,-211264	40540
274000,-213264	42291
274000,-215264	44064
274000,-217264	45855
274000,-219264	47663
274000,-221264	49485
274000,-223264	51321
274000,-225264	53168
274000,-227264	55027
274000,-229264	56895
274000,-231264	58771
274000,-233264	60656
274000,-235264	62547
274000,-237264	64319
274000,-239264	65765
274000,-241264	67238
276000,-127264	51953
276000,-129264	50082
276000,-131264	48221
276000,-133264	46372
276000,-135264	44535
276000,-137264	42713
276000,-139264	40908
276000,-141264	39122
276000,-143264	37358
276000,-145264	35618
276000,-147264	33908
276000,-149264	32230
276000,-151264	30591
276000,-153264	28998
276000,-155264	27458
276000,-157264	25981
276000,-159264	24578
276000,-161264	23262
276000,-163264	22050
276000,-165264	20958
276000,-167264	20007
276000,-169264	19219
276000,-171264	18612
276000,-173264	18206
276000,-175264	18015
276000,-177264	18044
276000,-179264	18293
276000,-181264	18753
276000,-183264	19410
276000,-185264	20244
276000,-187264	21233
276000,-189264	22359
276000,-191264	23600
276000,-193264	24940
276000,-195264	26364
276000,-197264	27859
276000,-199264	29414
276000,-201264	31020
276000,-203264	32669
276000,-205264	34356
276000,-207264	36075
276000,-209264	37821
276000,-211264	39592
276000,-213264	41383
276000,-215264	43193
276000,-217264	45019
276000,-219264	46859
276000,-221264	48711
276000,-223264	50575
276000,-225264	52449
276000,-227264	54332
276000,-229264	56223
276000,-231264	58121
276000,-233264	60026
276000,-235264	61491
276000,-237264	62938
276000,-239264	64414
276000,-241264	65918
278000,-127264	51295
278000,-129264	49398
278000,-131264	47511
278000,-133264	45632
278000,-135264	43765
278000,-137264	41910
278000,-139264	40069
278000,-141264	38243
278000,-143264	36436
278000,-145264	34651
278000,-147264	32890
278000,-149264	31157
278000,-151264	29459
278000,-153264	27801
278000,-155264	26191
278000,-157264	24638
278000,-159264	23153
278000,-161264	21752
278000,-163264	20450
278000,-165264	19268
278000,-167264	18229
278000,-169264	17360
278000,-171264	16686
278000,-173264	16232
278000,-175264	16016
278000,-177264	16049
278000,-179264	16329
278000,-181264	16843
278000,-183264	17571
278000,-185264	18488
278000,-187264	19567
278000,-189264	20783
278000,-191264	22113
278000,-193264	23538
278000,-195264	25041
278000,-197264	26611
278000,-199264	28234
278000,-201264	29904
278000,-203264	31612
278000,-205264	33352
278000,-207264	35120
278000,-209264	36911
278000,-211264	38724
278000,-213264	40553
278000,-215264	42398
278000,-217264	44257
278000,-219264	46127
278000,-221264	48008
278000,-223264	49898
278000,-225264	51797
278000,-227264	53702
278000,-229264	55615
278000,-231264	57248
278000,-233264	58663
278000,-235264	60111
278000,-237264	61590
278000,-239264	63098
278000,-241264	64632
280000,-127264	50706
280000,-129264	48787
280000,-131264	46875
280000,-133264	44970
280000,-135264	43074
280000,-137264	41188
280000,-139264	39313
280000,-141264	37451
280000,-143264	35604
280000,-145264	33774
280000,-147264	31964
280000,-149264	30179
280000,-151264	28423
280000,-153264	26700
280000,-155264	25019
280000,-157264	23388
280000,-159264	21819
280000,-161264	20326
280000,-163264	18926
280000,-165264	17642
280000,-167264	16502
280000,-169264	15536
280000,-171264	14779
280000,-173264	14264
280000,-175264	14019
280000,-177264	14056
280000,-179264	14375
280000,-181264	14956
280000,-183264	15772
280000,-185264	16787
280000,-187264	17968
280000,-189264	19285
280000,-191264	20712
280000,-193264	22227
280000,-195264	23813
280000,-197264	25458
280000,-199264	27151
280000,-201264	28883
280000,-203264	30648
280000,-205264	32440
280000,-207264	34255
280000,-209264	36090
280000,-211264	37941
280000,-213264	39807
280000,-215264	41685
280000,-217264	43574
280000,-219264	45472
280000,-221264	47379
280000,-223264	49293
280000,-225264	51214
280000,-227264	53043
280000,-229264	54420
280000,-231264	55835
280000,-233264	57284
280000,-235264	58767
280000,-237264	60279
280000,-239264	61818
280000,-241264	63384
282000,-127264	50191
282000,-129264	48251
282000,-131264	46317
282000,-133264	44388
282000,-135264	42466
282000,-137264	40552
282000,-139264	38646
282000,-141264	36750
282000,-143264	34866
282000,-145264	32995
282000,-147264	31140
282000,-149264	29305
282000,-151264	27493
282000,-153264	25708
282000,-155264	23957
282000,-157264	22249
282000,-159264	20593
282000,-161264	19003
282000,-163264	17498
282000,-165264	16101
282000,-167264	14843
282000,-169264	13761
282000,-171264	12900
282000,-173264	12307
282000,-175264	12022
282000,-177264	12066
282000,-179264	12435
282000,-181264	13103
282000,-183264	14027
282000,-185264	15159
282000,-187264	16458
282000,-189264	17886
282000,-191264	19416
282000,-193264	21024
282000,-195264	22695
282000,-197264	24416
282000,-199264	26176
282000,-201264	27969
282000,-203264	29788
282000,-205264	31628
282000,-207264	33487
282000,-209264	35362
282000,-211264	37249
282000,-213264	39148
282000,-215264	41056
282000,-217264	42973
282000,-219264	44897
282000,-221264	46827
282000,-223264	48763
282000,-225264	50216
282000,-227264	51592
282000,-229264	53007
282000,-231264	54458
282000,-233264	55944
282000,-235264	57460
282000,-237264	59006
282000,-239264	60578
282000,-241264	62175
284000,-127264	49751
284000,-129264	47793
284000,-131264	45840
284000,-133264	43890
284000,-135264	41945
284000,-137264	40005
284000,-139264	38072
284000,-141264	36146
284000,-143264	34229
284000,-145264	32321
284000,-147264	30426
284000,-149264	28544
284000,-151264	26680
284000,-153264	24837
284000,-155264	23021
284000,-157264	21237
284000,-159264	19495
284000,-161264	17808
284000,-163264	16192
284000,-165264	14671
284000,-167264	13278
284000,-169264	12057
284000,-171264	11064
284000,-173264	10367
284000,-175264	10027
284000,-177264	10079
284000,-179264	10519
284000,-181264	11300
284000,-183264	12359
284000,-185264	13631
284000,-187264	15062
284000,-189264	16611
284000,-191264	18248
284000,-193264	19951
284000,-195264	21704
284000,-197264	23498
284000,-199264	25322
284000,-201264	27171
284000,-203264	29040
284000,-205264	30925
284000,-207264	32824
284000,-209264	34734
284000,-211264	36654
284000,-213264	38582
284000,-215264	40517
284000,-217264	42458
284000,-219264	44404
284000,-221264	46064
284000,-223264	47391
284000,-225264	48763
284000,-227264	50178
284000,-229264	51632
284000,-231264	53121
284000,-233264	54643
284000,-235264	56195
284000,-237264	57774
284000,-239264	59379
284000,-241264	61007
286000,-127264	49388
286000,-129264	47415
286000,-131264	45445
286000,-133264	43478
286000,-135264	41514
286000,-137264	39553
286000,-139264	37596
286000,-141264	35645
286000,-143264	33699
286000,-145264	31760
286000,-147264	29828
286000,-149264	27907
286000,-151264	25997
286000,-153264	24102
286000,-155264	22225
286000,-157264	20372
286000,-159264	18549
286000,-161264	16767
286000,-163264	15040
286000,-165264	13388
286000,-167264	11845
286000,-169264	10458
286000,-171264	9296
286000,-173264	8454
286000,-175264	8033
286000,-177264	8099
286000,-179264	8640
286000,-181264	9576
286000,-183264	10805
286000,-185264	12240
286000,-187264	13815
286000,-189264	15489
286000,-191264	17233
286000,-193264	19027
286000,-195264	20859
286000,-197264	22719
286000,-199264	24601
286000,-201264	26500
286000,-203264	28413
286000,-205264	30337
286000,-207264	32271
286000,-209264	34212
286000,-211264	36160
286000,-213264	38113
286000,-215264	40070
286000,-217264	41977
286000,-219264	43244
286000,-221264	44565
286000,-223264	45935
286000,-225264	47350
286000,-227264	48806
286000,-229264	50300
286000,-231264	51827
286000,-233264	53386
286000,-235264	54973
286000,-237264	56587
286000,-239264	58224
286000,-241264	59884
288000,-127264	49103
288000,-129264	47119
288000,-131264	45136
288000,-133264	43155
288000,-135264	41175
288000,-137264	39197
288000,-139264	37222
288000,-141264	35250
288000,-143264	33281
288000,-145264	31316
288000,-147264	29355
288000,-149264	27400
288000,-151264	25453
288000,-153264	23514
288000,-155264	21586
288000,-157264	19673
288000,-159264	17779
288000,-161264	15910
288000,-163264	14078
288000,-165264	12298
288000,-167264	10598
288000,-169264	9020
288000,-171264	7643
288000,-173264	6594
288000,-175264	6044
288000,-177264	6131
288000,-179264	6830
288000,-181264	7981
288000,-183264	9421
288000,-185264	11037
288000,-187264	12762
288000,-189264	14557
288000,-191264	16400
288000,-193264	18276
288000,-195264	20176
288000,-197264	22094
288000,-199264	24025
288000,-201264	25966
288000,-203264	27916
288000,-205264	29872
288000,-207264	31834
288000,-209264	33800
288000,-211264	35770
288000,-213264	37743
288000,-215264	39169
288000,-217264	40426
288000,-219264	41740
288000,-221264	43107
288000,-223264	44522
288000,-225264	45981
288000,-227264	47479
288000,-229264	49012
288000,-231264	50579
288000,-233264	52175
288000,-235264	53798
288000,-237264	55446
288000,-239264	57116
288000,-241264	58807
290000,-127264	48899
290000,-129264	46906
290000,-131264	44914
290000,-133264	42922
290000,-135264	40931
290000,-137264	38941
290000,-139264	36953
290000,-141264	34965
290000,-143264	32979
290000,-145264	30995
290000,-147264	29013
290000,-149264	27033
290000,-151264	25057
290000,-153264	23085
290000,-155264	21118
290000,-157264	19158
290000,-159264	17207
290000,-161264	15269
290000,-163264	13349
290000,-165264	11456
290000,-167264	9608
290000,-169264	7834
290000,-171264	6199
290000,-173264	4846
290000,-175264	4067
290000,-177264	4194
290000,-179264	5162
290000,-181264	6611
290000,-183264	8292
290000,-185264	10090
290000,-187264	11953
290000,-189264	13854
290000,-191264	15779
290000,-193264	17721
290000,-195264	19674
290000,-197264	21636
290000,-199264	23605
290000,-201264	25578
290000,-203264	27555
290000,-205264	29536
290000,-207264	31518
290000,-209264	33503
290000,-211264	35191
290000,-213264	36365
290000,-215264	37609
290000,-217264	38915
290000,-219264	40279
290000,-221264	41694
290000,-223264	43156
290000,-225264	44659
290000,-227264	46200
290000,-229264	47774
290000,-231264	49380
290000,-233264	51014
290000,-235264	52673
290000,-237264	54354
290000,-239264	56057
290000,-241264	57779
292000,-127264	48777
292000,-129264	46778
292000,-131264	44780
292000,-133264	42782
292000,-135264	40785
292000,-137264	38787
292000,-139264	36790
292000,-141264	34793
292000,-143264	32797
292000,-145264	30801
292000,-147264	28805
292000,-149264	26810
292000,-151264	24816
292000,-153264	22823
292000,-155264	20832
292000,-157264	18842
292000,-159264	16855
292000,-161264	14871
292000,-163264	12892
292000,-165264	10920
292000,-167264	8962
292000,-169264	7026
292000,-171264	5140
292000,-173264	3389
292000,-175264	2131
292000,-177264	2365
292000,-179264	3828
292000,-181264	5631
292000,-183264	7534
292000,-185264	9477
292000,-187264	11440
292000,-189264	13413
292000,-191264	15394
292000,-193264	17379
292000,-195264	19367
292000,-197264	21357
292000,-199264	23349
292000,-201264	25343
292000,-203264	27337
292000,-205264	29332
292000,-207264	31327
292000,-209264	32413
292000,-211264	33565
292000,-213264	34794
292000,-215264	36091
292000,-217264	37451
292000,-219264	38866
292000,-221264	40331
292000,-223264	41840
292000,-225264	43389
292000,-227264	44973
292000,-229264	46589
292000,-231264	48235
292000,-233264	49906
292000,-235264	51600
292000,-237264	53316
292000,-239264	55051
292000,-241264	56803
294000,-127264	48736
294000,-129264	46736
294000,-131264	44736
294000,-133264	42736
294000,-135264	40736
294000,-137264	38736
294000,-139264	36736
294000,-141264	34736
294000,-143264	32736
294000,-145264	30736
294000,-147264	28736
294000,-149264	26736
294000,-151264	24736
294000,-153264	22736
294000,-155264	20736
294000,-157264	18736
294000,-159264	16736
294000,-161264	14736
294000,-163264	12736
294000,-165264	10736
294000,-167264	8736
294000,-169264	6736
294000,-171264	4736
294000,-173264	2736
294000,-175264	736
294000,-177264	1264
294000,-179264	3264
294000,-181264	5264
294000,-183264	7264
294000,-185264	9264
294000,-187264	11264
294000,-189264	13264
294000,-191264	15264
294000,-193264	17264
294000,-195264	19264
294000,-197264	21264
294000,-199264	23264
294000,-201264	25264
294000,-203264	27264
294000,-205264	28614
294000,-207264	29644
294000,-209264	30770
294000,-211264	31981
294000,-213264	33268
294000,-215264	34623
294000,-217264	36038
294000,-219264	37507
294000,-221264	39023
294000,-223264	40580
294000,-225264	42175
294000,-227264	43804
294000,-229264	45462
294000,-231264	47146
294000,-233264	48854
294000,-235264	50584
294000,-237264	52333
294000,-239264	54099
294000,-241264	55882
296000,-127264	48777
296000,-129264	46778
296000,-131264	44780
296000,-133264	42782
296000,-135264	40785
296000,-137264	38787
296000,-139264	36790
296000,-141264	34793
296000,-143264	32797
296000,-145264	30801
296000,-147264	28805
296000,-149264	26810
296000,-151264	24816
296000,-153264	22823
296000,-155264	20832
296000,-157264	18842
296000,-159264	16855
296000,-161264	14871
296000,-163264	12892
296000,-165264	10920
296000,-167264	8962
296000,-169264	7026
296000,-171264	5140
296000,-173264	3389
296000,-175264	2131
296000,-177264	2365
296000,-179264	3828
296000,-181264	5631
296000,-183264	7534
296000,-185264	9477
296000,-187264	11440
296000,-189264	13413
296000,-191264	15394
296000,-193264	17379
296000,-195264	19367
296000,-197264	21357
296000,-199264	23349
296000,-201264	25039
296000,-203264	25903
296000,-205264	26888
296000,-207264	27981
296000,-209264	29171
296000,-211264	30446
296000,-213264	31795
296000,-215264	33211
296000,-217264	34683
296000,-219264	36207
296000,-221264	37775
296000,-223264	39382
296000,-225264	41024
296000,-227264	42696
296000,-229264	44395
296000,-231264	46119
296000,-233264	47864
296000,-235264	49628
296000,-237264	51409
296000,-239264	53206
296000,-241264	55017
298000,-127264	48899
298000,-129264	46906
298000,-131264	44914
298000,-133264	42922
298000,-135264	40931
298000,-137264	38941
298000,-139264	36953
298000,-141264	34965
298000,-143264	32979
298000,-145264	30995
298000,-147264	29013
298000,-149264	27033
298000,-151264	25057
298000,-153264	23085
298000,-155264	21118
298000,-157264	19158
298000,-159264	17207
298000,-161264	15269
298000,-163264	13349
298000,-165264	11456
298000,-167264	9608
298000,-169264	7834
298000,-171264	6199
298000,-173264	4846
298000,-175264	4067
298000,-177264	4194
298000,-179264	5162
298000,-181264	6611
298000,-183264	8292
298000,-185264	10090
298000,-187264	11953
298000,-189264	13854
298000,-191264	15779
298000,-193264	17721
298000,-195264	19674
298000,-197264	21636
298000,-199264	22431
298000,-201264	23219
298000,-203264	24148
298000,-205264	25202
298000,-207264	26365
298000,-209264	27625
298000,-211264	28968
298000,-213264	30383
298000,-215264	31861
298000,-217264	33393
298000,-219264	34973
298000,-221264	36594
298000,-223264	38251
298000,-225264	39939
298000,-227264	41655
298000,-229264	43395
298000,-231264	45156
298000,-233264	46937
298000,-235264	48735
298000,-237264	50548
298000,-239264	52375
298000,-241264	54213
300000,-127264	49103
300000,-129264	47119
300000,-131264	45136
300000,-133264	43155
300000,-135264	41175
300000,-137264	39197
300000,-139264	37222
300000,-141264	35250
300000,-143264	33281
300000,-145264	31316
300000,-147264	29355
300000,-149264	27400
300000,-151264	25453
300000,-153264	23514
300000,-155264	21586
300000,-157264	19673
300000,-159264	17779
300000,-161264	15910
300000,-163264	14078
300000,-165264	12298
300000,-167264	10598
300000,-169264	9020
300000,-171264	7643
300000,-173264	6594
300000,-175264	6044
300000,-177264	6131
300000,-179264	6830
300000,-181264	7981
300000,-183264	9421
300000,-185264	11037
300000,-187264	12762
300000,-189264	14557
300000,-191264	16400
300000,-193264	18276
300000,-195264	19373
300000,-197264	19882
300000,-199264	20574
300000,-201264	21431
300000,-203264	22435
300000,-205264	23565
300000,-207264	24805
300000,-209264	26140
300000,-211264	27555
300000,-213264	29040
300000,-215264	30583
300000,-217264	32176
300000,-219264	33813
300000,-221264	35487
300000,-223264	37193
300000,-225264	38927
300000,-227264	40685
300000,-229264	42465
300000,-231264	44264
300000,-233264	46079
300000,-235264	47909
300000,-237264	49752
300000,-239264	51607
300000,-241264	53472
302000,-127264	49388
302000,-129264	47415
302000,-131264	45445
302000,-133264	43478
302000,-135264	41514
302000,-137264	39553
302000,-139264	37596
302000,-141264	35645
302000,-143264	33699
302000,-145264	31760
302000,-147264	29828
302000,-149264	27907
302000,-151264	25997
302000,-153264	24102
302000,-155264	22225
302000,-157264	20372
302000,-159264	18549
302000,-161264	16767
302000,-163264	15040
302000,-165264	13388
302000,-167264	11845
302000,-169264	10458
302000,-171264	9296
302000,-173264	8454
302000,-175264	8033
302000,-177264	8099
302000,-179264	8640
302000,-181264	9576
302000,-183264	10805
302000,-185264	12240
302000,-187264	13815
302000,-189264	15489
302000,-191264	16956
302000,-193264	17073
302000,-195264	17421
302000,-197264	17986
302000,-199264	18748
302000,-201264	19685
302000,-203264	20772
302000,-205264	21988
302000,-207264	23313
302000,-209264	24728
302000,-211264	26220
302000,-213264	27775
302000,-215264	29385
302000,-217264	31040
302000,-219264	32733
302000,-221264	34460
302000,-223264	36214
302000,-225264	37993
302000,-227264	39793
302000,-229264	41611
302000,-231264	43445
302000,-233264	45293
302000,-235264	47154
302000,-237264	49025
302000,-239264	50906
302000,-241264	52796
304000,-127264	49751
304000,-129264	47793
304000,-131264	45840
304000,-133264	43890
304000,-135264	41945
304000,-137264	40005
304000,-139264	38072
304000,-141264	36146
304000,-143264	34229
304000,-145264	32321
304000,-147264	30426
304000,-149264	28544
304000,-151264	26680
304000,-153264	24837
304000,-155264	23021
304000,-157264	21237
304000,-159264	19495
304000,-161264	17808
304000,-163264	16192
304000,-165264	14671
304000,-167264	13278
304000,-169264	12057
304000,-171264	11064
304000,-173264	10367
304000,-175264	10027
304000,-177264	10079
304000,-179264	10519
304000,-181264	11300
304000,-183264	12359
304000,-185264	13631
304000,-187264	15062
304000,-189264	15089
304000,-191264	14956
304000,-193264	15089
304000,-195264	15481
304000,-197264	16114
304000,-199264	16961
304000,-201264	17991
304000,-203264	19175
304000,-205264	20486
304000,-207264	21901
304000,-209264	23402
304000,-211264	24973
304000,-213264	26602
304000,-215264	28278
304000,-217264	29994
304000,-219264	31744
304000,-221264	33521
304000,-223264	35322
304000,-225264	37144
304000,-227264	38983
304000,-229264	40837
304000,-231264	42704
304000,-233264	44583
304000,-235264	46472
304000,-237264	48370
304000,-239264	50276
304000,-241264	52188
306000,-127264	50191
306000,-129264	48251
306000,-131264	46317
306000,-133264	44388
306000,-135264	42466
306000,-137264	40552
306000,-139264	38646
306000,-141264	36750
306000,-143264	34866
306000,-145264	32995
306000,-147264	31140
306000,-149264	29305
306000,-151264	27493
306000,-153264	25708
306000,-155264	23957
306000,-157264	22249
306000,-159264	20593
306000,-161264	19003
306000,-163264	17498
306000,-165264	16101
306000,-167264	14843
306000,-169264	13761
306000,-171264	12900
306000,-173264	12307
306000,-175264	12022
306000,-177264	12066
306000,-179264	12435
306000,-181264	13103
306000,-183264	14027
306000,-185264	14277
306000,-187264	13559
306000,-189264	13109
306000,-191264	12956
306000,-193264	13109
306000,-195264	13559
306000,-197264	14277
306000,-199264	15226
306000,-201264	16366
306000,-203264	17659
306000,-205264	19075
306000,-207264	20587
306000,-209264	22177
306000,-211264	23829
306000,-213264	25531
306000,-215264	27273
306000,-217264	29049
306000,-219264	30852
306000,-221264	32678
306000,-223264	34523
306000,-225264	36384
306000,-227264	38260
306000,-229264	40147
306000,-231264	42045
306000,-233264	43952
306000,-235264	45867
306000,-237264	47789
306000,-239264	49717
306000,-241264	51651
308000,-127264	50706
308000,-129264	48787
308000,-131264	46875
308000,-133264	44970
308000,-135264	43074
308000,-137264	41188
308000,-139264	39313
308000,-141264	37451
308000,-143264	35604
308000,-145264	33774
308000,-147264	31964
308000,-149264	30179
308000,-151264	28423
308000,-153264	26700
308000,-155264	25019
308000,-157264	23388
308000,-159264	21819
308000,-161264	20326
308000,-163264	18926
308000,-165264	17642
308000,-167264	16502
308000,-169264	15536
308000,-171264	14779
308000,-173264	14264
308000,-175264	14019
308000,-177264	14056
308000,-179264	14375
308000,-181264	14833
308000,-183264	13565
308000,-185264	12491
308000,-187264	11663
308000,-189264	11137
308000,-191264	10956
308000,-193264	11137
308000,-195264	11663
308000,-197264	12491
308000,-199264	13565
308000,-201264	14833
308000,-203264	16249
308000,-205264	17777
308000,-207264	19391
308000,-209264	21072
308000,-211264	22804
308000,-213264	24577
308000,-215264	26382
308000,-217264	28214
308000,-219264	30067
308000,-221264	31937
308000,-223264	33823
308000,-225264	35721
308000,-227264	37630
308000,-229264	39547
308000,-231264	41473
308000,-233264	43405
308000,-235264	45343
308000,-237264	47286
308000,-239264	49234
308000,-241264	51186
310000,-127264	51295
310000,-129264	49398
310000,-131264	47511
310000,-133264	45632
310000,-135264	43765
310000,-137264	41910
310000,-139264	40069
310000,-141264	38243
310000,-143264	36436
310000,-145264	34651
310000,-147264	32890
310000,-149264	31157
310000,-151264	29459
310000,-153264	27801
310000,-155264	26191
310000,-157264	24638
310000,-159264	23153
310000,-161264	21752
310000,-163264	20450
310000,-165264	19268
310000,-167264	18229
310000,-169264	17360
310000,-171264	16686
310000,-173264	16232
310000,-175264	16016
310000,-177264	16049
310000,-179264	14973
310000,-181264	13424
310000,-183264	12008
310000,-185264	10780
310000,-187264	9808
310000,-189264	9176
310000,-191264	8956
310000,-193264	9176
310000,-195264	9808
310000,-197264	10780
310000,-199264	12008
310000,-201264	13424
310000,-203264	14973
310000,-205264	16619
310000,-207264	18336
310000,-209264	20104
310000,-211264	21913
310000,-213264	23753
310000,-215264	25616
310000,-217264	27499
310000,-219264	29397
310000,-221264	31308
310000,-223264	33229
310000,-225264	35159
310000,-227264	37097
310000,-229264	39041
310000,-231264	40990
310000,-233264	42944
310000,-235264	44902
310000,-237264	46863
310000,-239264	48828
310000,-241264	50795
312000,-127264	51953
312000,-129264	50082
312000,-131264	48221
312000,-133264	46372
312000,-135264	44535
312000,-137264	42713
312000,-139264	40908
312000,-141264	39122
312000,-143264	37358
312000,-145264	35618
312000,-147264	33908
312000,-149264	32230
312000,-151264	30591
312000,-153264	28998
312000,-155264	27458
312000,-157264	25981
312000,-159264	24578
312000,-161264	23262
312000,-163264	22050
312000,-165264	20958
312000,-167264	20007
312000,-169264	19219
312000,-171264	18612
312000,-173264	18206
312000,-175264	17446
312000,-177264	15632
312000,-179264	13870
312000,-181264	12181
312000,-183264	10601
312000,-185264	9186
312000,-187264	8024
312000,-189264	7237
312000,-191264	6956
312000,-193264	7237
312000,-195264	8024
312000,-197264	9186
312000,-199264	10601
312000,-201264	12181
312000,-203264	13870
312000,-205264	15632
312000,-207264	17446
312000,-209264	19297
312000,-211264	21175
312000,-213264	23073
312000,-215264	24987
312000,-217264	26914
312000,-219264	28851
312000,-221264	30795
312000,-223264	32747
312000,-225264	34704
312000,-227264	36665
312000,-229264	38631
312000,-231264	40600
312000,-233264	42572
312000,-235264	44546
312000,-237264	46522
312000,-239264	48501
312000,-241264	50481
314000,-127264	52680
314000,-129264	50835
314000,-131264	49003
314000,-133264	47184
314000,-135264	45380
314000,-137264	43594
314000,-139264	41827
314000,-141264	40082
314000,-143264	38362
314000,-145264	36670
314000,-147264	35010
314000,-149264	33388
314000,-151264	31809
314000,-153264	30280
314000,-155264	28809
314000,-157264	27405
314000,-159264	26078
314000,-161264	24842
314000,-163264	23710
314000,-165264	22699
314000,-167264	21824
314000,-169264	21103
314000,-171264	20553
314000,-173264	18669
314000,-175264	16749
314000,-177264	14851
314000,-179264	12983
314000,-181264	11160
314000,-183264	9410
314000,-185264	7782
314000,-187264	6368
314000,-189264	5344
314000,-191264	4956
314000,-193264	5344
314000,-195264	6368
314000,-197264	7782
314000,-199264	9410
314000,-201264	11160
314000,-203264	12983
314000,-205264	14851
314000,-207264	16749
314000,-209264	18669
314000,-211264	20604
314000,-213264	22551
314000,-215264	24506
314000,-217264	26468
314000,-219264	28435
314000,-221264	30406
314000,-223264	32381
314000,-225264	34359
314000,-227264	36339
314000,-229264	38321
314000,-231264	40305
314000,-233264	42291
314000,-235264	44278
314000,-237264	46266
314000,-239264	48255
314000,-241264	50245
316000,-127264	53471
316000,-129264	51655
316000,-131264	49852
316000,-133264	48066
316000,-135264	46297
316000,-137264	44547
316000,-139264	42819
316000,-141264	41116
316000,-143264	39441
316000,-145264	37798
316000,-147264	36190
316000,-149264	34623
316000,-151264	33103
316000,-153264	31637
316000,-155264	30232
316000,-157264	28897
316000,-159264	27642
316000,-161264	26479
316000,-163264	25420
316000,-165264	24479
316000,-167264	23671
316000,-169264	22197
316000,-171264	20217
316000,-173264	18241
316000,-175264	16270
316000,-177264	14308
316000,-179264	12358
316000,-181264	10427
316000,-183264	8528
316000,-185264	6688
316000,-187264	4973
316000,-189264	3569
316000,-191264	2956
316000,-193264	3569
316000,-195264	4973
316000,-197264	6688
316000,-199264	8528
316000,-201264	10427
316000,-203264	12358
316000,-205264	14308
316000,-207264	16270
316000,-209264	18241
316000,-211264	20217
316000,-213264	22197
316000,-215264	24181
316000,-217264	26167
316000,-219264	28155
316000,-221264	30145
316000,-223264	32136
316000,-225264	34128
316000,-227264	36121
316000,-229264	38114
316000,-231264	40109
316000,-233264	42103
316000,-235264	44099
316000,-237264	46094
316000,-239264	48090
316000,-241264	50087
318000,-127264	54324
318000,-129264	52538
318000,-131264	50767
318000,-133264	49013
318000,-135264	47280
318000,-137264	45568
318000,-139264	43880
318000,-141264	42220
318000,-143264	40591
318000,-145264	38996
318000,-147264	37440
318000,-149264	35927
318000,-151264	34465
318000,-153264	33059
318000,-155264	31717
318000,-157264	30447
318000,-159264	29259
318000,-161264	28162
318000,-163264	27169
318000,-165264	26017
318000,-167264	24019
318000,-169264	22020
318000,-171264	20022
318000,-173264	18025
318000,-175264	16028
318000,-177264	14032
318000,-179264	12038
318000,-181264	10045
318000,-183264	8056
318000,-185264	6075
318000,-187264	4112
318000,-189264	2216
318000,-191264	956
318000,-193264	2216
318000,-195264	4112
318000,-197264	6075
318000,-199264	8056
318000,-201264	10045
318000,-203264	12038
318000,-205264	14032
318000,-207264	16028
318000,-209264	18025
318000,-211264	20022
318000,-213264	22020
318000,-215264	24019
318000,-217264	26017
318000,-219264	28016
318000,-221264	30015
318000,-223264	32014
318000,-225264	34013
318000,-227264	36012
318000,-229264	38012
318000,-231264	40011
318000,-233264	42010
318000,-235264	44010
318000,-237264	46009
318000,-239264	48009
318000,-241264	50009
320000,-127264	55237
320000,-129264	53481
320000,-131264	51742
320000,-133264	50023
320000,-135264	48326
320000,-137264	46652
320000,-139264	45005
320000,-141264	43388
320000,-143264	41804
320000,-145264	40257
320000,-147264	38752
320000,-149264	37293
320000,-151264	35886
320000,-153264	34538
320000,-155264	33256
320000,-157264	32047
320000,-159264	30920
320000,-161264	29885
320000,-163264	28019
320000,-165264	26020
320000,-167264	24022
320000,-169264	22024
320000,-171264	20027
320000,-173264	18030
320000,-175264	16034
320000,-177264	14038
320000,-179264	12045
320000,-181264	10054
320000,-183264	8067
320000,-185264	6090
320000,-187264	4133
320000,-189264	2256
320000,-191264	1044
320000,-193264	2256
320000,-195264	4133
320000,-197264	6090
320000,-199264	8067
320000,-201264	10054
320000,-203264	12045
320000,-205264	14038
320000,-207264	16034
320000,-209264	18030
320000,-211264	20027
320000,-213264	22024
320000,-215264	24022
320000,-217264	26020
320000,-219264	28019
320000,-221264	30018
320000,-223264	32017
320000,-225264	34016
320000,-227264	36015
320000,-229264	38014
320000,-231264	40013
320000,-233264	42012
320000,-235264	44012
320000,-237264	46011
320000,-239264	48011
320000,-241264	50010
322000,-127264	56206
322000,-129264	54481
322000,-131264	52776
322000,-133264	51091
322000,-135264	49430
322000,-137264	47796
322000,-139264	46190
322000,-141264	44616
322000,-143264	43077
322000,-145264	41577
322000,-147264	40121
322000,-149264	38714
322000,-151264	37361
322000,-153264	36068
322000,-155264	34842
322000,-157264	33690
322000,-159264	32144
322000,-161264	30154
322000,-163264	28164
322000,-165264	26177
322000,-167264	24192
322000,-169264	22209
322000,-171264	20230
322000,-173264	18255
322000,-175264	16286
322000,-177264	14327
322000,-179264	12380
322000,-181264	10453
322000,-183264	8559
322000,-185264	6727
322000,-187264	5026
322000,-189264	3642
322000,-191264	3044
322000,-193264	3642
322000,-195264	5026
322000,-197264	6727
322000,-199264	8559
322000,-201264	10453
322000,-203264	12380
322000,-205264	14327
322000,-207264	16286
322000,-209264	18255
322000,-211264	20230
322000,-213264	22209
322000,-215264	24192
322000,-217264	26177
322000,-219264	28164
322000,-221264	30154
322000,-223264	32144
322000,-225264	34135
322000,-227264	36128
322000,-229264	38121
322000,-231264	40115
322000,-233264	42110
322000,-235264	44105
322000,-237264	46100
322000,-239264	48096
322000,-241264	50092
324000,-127264	57229
324000,-129264	55536
324000,-131264	53863
324000,-133264	52214
324000,-135264	50590
324000,-137264	48994
324000,-139264	47429
324000,-141264	45897
324000,-143264	44403
324000,-145264	42949
324000,-147264	41542
324000,-149264	40184
324000,-151264	38882
324000,-153264	37642
324000,-155264	36351
324000,-157264	34372
324000,-159264	32395
324000,-161264	30421
324000,-163264	28450
324000,-165264	26484
324000,-167264	24524
324000,-169264	22570
324000,-171264	20626
324000,-173264	18693
324000,-175264	16776
324000,-177264	14880
324000,-179264	13016
324000,-181264	11200
324000,-183264	9457
324000,-185264	7838
324000,-187264	6437
324000,-189264	5426
324000,-191264	5044
324000,-193264	5426
324000,-195264	6437
324000,-197264	7838
324000,-199264	9457
324000,-201264	11200
324000,-203264	13016
324000,-205264	14880
324000,-207264	16776
324000,-209264	18693
324000,-211264	20626
324000,-213264	22570
324000,-215264	24524
324000,-217264	26484
324000,-219264	28450
324000,-221264	30421
324000,-223264	32395
324000,-225264	34372
324000,-227264	36351
324000,-229264	38333
324000,-231264	40316
324000,-233264	42301
324000,-235264	44288
324000,-237264	46275
324000,-239264	48264
324000,-241264	50253
326000,-127264	58302
326000,-129264	56641
326000,-131264	55002
326000,-133264	53388
326000,-135264	51801
326000,-137264	50244
326000,-139264	48718
326000,-141264	47229
326000,-143264	45778
326000,-145264	44370
326000,-147264	43008
326000,-149264	41699
326000,-151264	40445
326000,-153264	38647
326000,-155264	36682
326000,-157264	34722
326000,-159264	32766
326000,-161264	30815
326000,-163264	28872
326000,-165264	26937
326000,-167264	25012
326000,-169264	23100
326000,-171264	21204
326000,-173264	19329
326000,-175264	17481
326000,-177264	15672
326000,-179264	13914
326000,-181264	12231
326000,-183264	10659
326000,-185264	9252
326000,-187264	8100
326000,-189264	7322
326000,-191264	7044
326000,-193264	7322
326000,-195264	8100
326000,-197264	9252
326000,-199264	10659
326000,-201264	12231
326000,-203264	13914
326000,-205264	15672
326000,-207264	17481
326000,-209264	19329
326000,-211264	21204
326000,-213264	23100
326000,-215264	25012
326000,-217264	26937
326000,-219264	28872
326000,-221264	30815
326000,-223264	32766
326000,-225264	34722
326000,-227264	36682
326000,-229264	38647
326000,-231264	40615
326000,-233264	42586
326000,-235264	44560
326000,-237264	46536
326000,-239264	48514
326000,-241264	50493
328000,-127264	59423
328000,-129264	57794
328000,-131264	56189
328000,-133264	54611
328000,-135264	53060
328000,-137264	51541
328000,-139264	50055
328000,-141264	48606
328000,-143264	47197
328000,-145264	45833
328000,-147264	44516
328000,-149264	42962
328000,-151264	41009
328000,-153264	39061
328000,-155264	37118
328000,-157264	35182
328000,-159264	33253
328000,-161264	31333
328000,-163264	29424
328000,-165264	27528
328000,-167264	25647
328000,-169264	23786
328000,-171264	21949
328000,-173264	20144
328000,-175264	18379
328000,-177264	16667
328000,-179264	15026
328000,-181264	13483
328000,-183264	12074
328000,-185264	10853
328000,-187264	9889
328000,-189264	9262
328000,-191264	9044
328000,-193264	9262
328000,-195264	9889
328000,-197264	10853
328000,-199264	12074
328000,-201264	13483
328000,-203264	15026
328000,-205264	16667
328000,-207264	18379
328000,-209264	20144
328000,-211264	21949
328000,-213264	23786
328000,-215264	25647
328000,-217264	27528
328000,-219264	29424
328000,-221264	31333
328000,-223264	33253
328000,-225264	35182
328000,-227264	37118
328000,-229264	39061
328000,-231264	41009
328000,-233264	42962
328000,-235264	44919
328000,-237264	46880
328000,-239264	48844
328000,-241264	50811
330000,-127264	60590
330000,-129264	58993
330000,-131264	57422
330000,-133264	55878
330000,-135264	54363
330000,-137264	52881
330000,-139264	51434
330000,-141264	50025
330000,-143264	48658
330000,-145264	47307
330000,-147264	45364
330000,-149264	43427
330000,-151264	41496
330000,-153264	39572
330000,-155264	37655
330000,-157264	35748
330000,-159264	33852
330000,-161264	31968
330000,-163264	30099
330000,-165264	28248
330000,-167264	26419
330000,-169264	24616
330000,-171264	22846
330000,-173264	21118
330000,-175264	19441
330000,-177264	17831
330000,-179264	16308
330000,-181264	14898
330000,-183264	13637
330000,-185264	12568
330000,-187264	11746
330000,-189264	11223
330000,-191264	11044
330000,-193264	11223
330000,-195264	11746
330000,-197264	12568
330000,-199264	13637
330000,-201264	14898
330000,-203264	16308
330000,-205264	17831
330000,-207264	19441
330000,-209264	21118
330000,-211264	22846
330000,-213264	24616
330000,-215264	26419
330000,-217264	28248
330000,-219264	30099
330000,-221264	31968
330000,-223264	33852
330000,-225264	35748
330000,-227264	37655
330000,-229264	39572
330000,-231264	41496
330000,-233264	43427
330000,-235264	45364
330000,-237264	47307
330000,-239264	49254
330000,-241264	51205
332000,-127264	61799
332000,-129264	60234
332000,-131264	58696
332000,-133264	57187
332000,-135264	55708
332000,-137264	54263
332000,-139264	52853
332000,-141264	51483
332000,-143264	49740
332000,-145264	47813
332000,-147264	45892
332000,-149264	43978
332000,-151264	42073
332000,-153264	40176
332000,-155264	38290
332000,-157264	36416
332000,-159264	34556
332000,-161264	32713
332000,-163264	30889
332000,-165264	29088
332000,-167264	27315
332000,-169264	25576
332000,-171264	23877
332000,-173264	22229
332000,-175264	20643
332000,-177264	19134
332000,-179264	17724
332000,-181264	16436
332000,-183264	15301
332000,-185264	14357
332000,-187264	13643
332000,-189264	13196
332000,-191264	13044
332000,-193264	13196
332000,-195264	13643
332000,-197264	14357
332000,-199264	15301
332000,-201264	16436
332000,-203264	17724
332000,-205264	19134
332000,-207264	20643
332000,-209264	22229
332000,-211264	23877
332000,-213264	25576
332000,-215264	27315
332000,-217264	29088
332000,-219264	30889
332000,-221264	32713
332000,-223264	34556
332000,-225264	36416
332000,-227264	38290
332000,-229264	40176
332000,-231264	42073
332000,-233264	43978
332000,-235264	45892
332000,-237264	47813
332000,-239264	49740
332000,-241264	51673
334000,-127264	63049
334000,-129264	61516
334000,-131264	60010
334000,-133264	58535
334000,-135264	57091
334000,-137264	55681
334000,-139264	54132
334000,-141264	52214
334000,-143264	50302
334000,-145264	48397
334000,-147264	46500
334000,-149264	44613
334000,-151264	42735
334000,-153264	40869
334000,-155264	39016
334000,-157264	37179
334000,-159264	35359
334000,-161264	33560
334000,-163264	31785
334000,-165264	30038
334000,-167264	28325
334000,-169264	26651
334000,-171264	25026
334000,-173264	23458
334000,-175264	21961
334000,-177264	20550
334000,-179264	19243
334000,-181264	18064
334000,-183264	17038
334000,-185264	16196
334000,-187264	15566
334000,-189264	15176
334000,-191264	15044
334000,-193264	15176
334000,-195264	15566
334000,-197264	16196
334000,-199264	17038
334000,-201264	18064
334000,-203264	19243
334000,-205264	20550
334000,-207264	21961
334000,-209264	23458
334000,-211264	25026
334000,-213264	26651
334000,-215264	28325
334000,-217264	30038
334000,-219264	31785
334000,-221264	33560
334000,-223264	35359
334000,-225264	37179
334000,-227264	39016
334000,-229264	40869
334000,-231264	42735
334000,-233264	44613
334000,-235264	46500
334000,-237264	48397
334000,-239264	50302
334000,-241264	52214
336000,-127264	64336
336000,-129264	62835
336000,-131264	61362
336000,-133264	59919
336000,-135264	58510
336000,-137264	56625
336000,-139264	54722
336000,-141264	52825
336000,-143264	50936
336000,-145264	49056
336000,-147264	47185
336000,-149264	45326
336000,-151264	43479
336000,-153264	41647
336000,-155264	39830
336000,-157264	38032
336000,-159264	36256
336000,-161264	34503
336000,-163264	32779
336000,-165264	31088
336000,-167264	29436
336000,-169264	27829
336000,-171264	26277
336000,-173264	24789
336000,-175264	23377
336000,-177264	22056
336000,-179264	20844
336000,-181264	19761
336000,-183264	18828
336000,-185264	18069
336000,-187264	17507
336000,-189264	17160
336000,-191264	17044
336000,-193264	17160
336000,-195264	17507
336000,-197264	18069
336000,-199264	18828
336000,-201264	19761
336000,-203264	20844
336000,-205264	22056
336000,-207264	23377
336000,-209264	24789
336000,-211264	26277
336000,-213264	27829
336000,-215264	29436
336000,-217264	31088
336000,-219264	32779
336000,-221264	34503
336000,-223264	36256
336000,-225264	38032
336000,-227264	39830
336000,-229264	41647
336000,-231264	43479
336000,-233264	45326
336000,-235264	47185
336000,-237264	49056
336000,-239264	50936
336000,-241264	52825
338000,-127264	65659
338000,-129264	64189
338000,-131264	62747
338000,-133264	61046
338000,-135264	59149
338000,-137264	57259
338000,-139264	55377
338000,-141264	53503
338000,-143264	51639
338000,-145264	49786
338000,-147264	47944
338000,-149264	46115
338000,-151264	44302
338000,-153264	42504
338000,-155264	40726
338000,-157264	38970
338000,-159264	37238
338000,-161264	35534
338000,-163264	33862
338000,-165264	32228
338000,-167264	30637
338000,-169264	29097
338000,-171264	27616
338000,-173264	26204
338000,-175264	24873
338000,-177264	23636
338000,-179264	22509
338000,-181264	21509
338000,-183264	20656
338000,-185264	19966
338000,-187264	19459
338000,-189264	19148
338000,-191264	19044
338000,-193264	19148
338000,-195264	19459
338000,-197264	19966
338000,-199264	20656
338000,-201264	21509
338000,-203264	22509
338000,-205264	23636
338000,-207264	24873
338000,-209264	26204
338000,-211264	27616
338000,-213264	29097
338000,-215264	30637
338000,-217264	32228
338000,-219264	33862
338000,-221264	35534
338000,-223264	37238
338000,-225264	38970
338000,-227264	40726
338000,-229264	42504
338000,-231264	44302
338000,-233264	46115
338000,-235264	47944
338000,-237264	49786
338000,-239264	51639
338000,-241264	53503
340000,-127264	67016
340000,-129264	65474
340000,-131264	63583
340000,-133264	61699
340000,-135264	59823
340000,-137264	57955
340000,-139264	56096
340000,-141264	54248
340000,-143264	52410
340000,-145264	50585
340000,-147264	48773
340000,-149264	46977
340000,-151264	45197
340000,-153264	43437
340000,-155264	41699
340000,-157264	39985
340000,-159264	38299
340000,-161264	36644
340000,-163264	35026
340000,-165264	33449
340000,-167264	31919
340000,-169264	30444
340000,-171264	29031
340000,-173264	27692
340000,-175264	26435
340000,-177264	25275
340000,-179264	24224
340000,-181264	23299
340000,-183264	22513
340000,-185264	21882
340000,-187264	21420
340000,-189264	21138
340000,-191264	21044
340000,-193264	21138
340000,-195264	21420
340000,-197264	21882
340000,-199264	22513
340000,-201264	23299
340000,-203264	24224
340000,-205264	25275
340000,-207264	26435
340000,-209264	27692
340000,-211264	29031
340000,-213264	30444
340000,-215264	31919
340000,-217264	33449
340000,-219264	35026
340000,-221264	36644
340000,-223264	38299
340000,-225264	39985
340000,-227264	41699
340000,-229264	43437
340000,-231264	45197
340000,-233264	46977
340000,-235264	48773
340000,-237264	50585
340000,-239264	52410
340000,-241264	54248
342000,-127264	68022
342000,-129264	66143
342000,-131264	64273
342000,-133264	62410
342000,-135264	60555
342000,-137264	58711
342000,-139264	56877
342000,-141264	55054
342000,-143264	53244
342000,-145264	51449
342000,-147264	49669
342000,-149264	47906
342000,-151264	46163
342000,-153264	44441
342000,-155264	42743
342000,-157264	41073
342000,-159264	39433
342000,-161264	37828
342000,-163264	36263
342000,-165264	34742
342000,-167264	33271
342000,-169264	31859
342000,-171264	30512
342000,-173264	29240
342000,-175264	28053
342000,-177264	26963
342000,-179264	25981
342000,-181264	25120
342000,-183264	24393
342000,-185264	23812
342000,-187264	23388
342000,-189264	23130
342000,-191264	23044
342000,-193264	23130
342000,-195264	23388
342000,-197264	23812
342000,-199264	24393
342000,-201264	25120
342000,-203264	25981
342000,-205264	26963
342000,-207264	28053
342000,-209264	29240
342000,-211264	30512
342000,-213264	31859
342000,-215264	33271
342000,-217264	34742
342000,-219264	36263
342000,-221264	37828
342000,-223264	39433
342000,-225264	41073
342000,-227264	42743
342000,-229264	44441
342000,-231264	46163
342000,-233264	47906
342000,-235264	49669
342000,-237264	51449
342000,-239264	53244
342000,-241264	55054
344000,-127264	68725
344000,-129264	66867
344000,-131264	65016
344000,-133264	63175
344000,-135264	61344
344000,-137264	59524
344000,-139264	57716
344000,-141264	55921
344000,-143264	54140
344000,-145264	52375
344000,-147264	50628
344000,-149264	48899
344000,-151264	47193
344000,-153264	45510
344000,-155264	43854
344000,-157264	42227
344000,-159264	40634
344000,-161264	39079
344000,-163264	37565
344000,-165264	36099
344000,-167264	34687
344000,-169264	33334
344000,-171264	32049
344000,-173264	30841
344000,-175264	29718
344000,-177264	28691
344000,-179264	27770
344000,-181264	26966
344000,-183264	26290
344000,-185264	25752
344000,-187264	25361
344000,-189264	25123
344000,-191264	25044
344000,-193264	25123
344000,-195264	25361
344000,-197264	25752
344000,-199264	26290
344000,-201264	26966
344000,-203264	27770
344000,-205264	28691
344000,-207264	29718
344000,-209264	30841
344000,-211264	32049
344000,-213264	33334
344000,-215264	34687
344000,-217264	36099
344000,-219264	37565
344000,-221264	39079
344000,-223264	40634
344000,-225264	42227
344000,-227264	43854
344000,-229264	45510
344000,-231264	47193
344000,-233264	48899
344000,-235264	50628
344000,-237264	52375
344000,-239264	54140
344000,-241264	55921
346000,-127264	69479
346000,-129264	67641
346000,-131264	65813
346000,-133264	63995
346000,-135264	62188
346000,-137264	60393
346000,-139264	58612
346000,-141264	56845
346000,-143264	55094
346000,-145264	53360
346000,-147264	51646
346000,-149264	49953
346000,-151264	48284
346000,-153264	46640
346000,-155264	45026
346000,-157264	43443
346000,-159264	41897
346000,-161264	40390
346000,-163264	38927
346000,-165264	37515
346000,-167264	36157
346000,-169264	34862
346000,-171264	33635
346000,-173264	32486
346000,-175264	31422
346000,-177264	30452
346000,-179264	29586
346000,-181264	28833
346000,-183264	28202
346000,-185264	27701
346000,-187264	27338
346000,-189264	27117
346000,-191264	27044
346000,-193264	27117
346000,-195264	27338
346000,-197264	27701
346000,-199264	28202
346000,-201264	28833
346000,-203264	29586
346000,-205264	30452
346000,-207264	31422
346000,-209264	32486
346000,-211264	33635
346000,-213264	34862
346000,-215264	36157
346000,-217264	37515
346000,-219264	38927
346000,-221264	40390
346000,-223264	41897
346000,-225264	43443
346000,-227264	45026
346000,-229264	46640
346000,-231264	48284
346000,-233264	49953
346000,-235264	51646
346000,-237264	53360
346000,-239264	55094
346000,-241264	56845
348000,-127264	70281
348000,-129264	68465
348000,-131264	66659
348000,-133264	64865
348000,-135264	63083
348000,-137264	61315
348000,-139264	59561
348000,-141264	57823
348000,-143264	56103
348000,-145264	54401
348000,-147264	52721
348000,-149264	51064
348000,-151264	49432
348000,-153264	47828
348000,-155264	46255
348000,-157264	44716
348000,-159264	43215
348000,-161264	41755
348000,-163264	40342
348000,-165264	38981
348000,-167264	37676
348000,-169264	36435
348000,-171264	35264
348000,-173264	34169
348000,-175264	33159
348000,-177264	32242
348000,-179264	31425
348000,-181264	30717
348000,-183264	30125
348000,-185264	29657
348000,-187264	29318
348000,-189264	29112
348000,-191264	29044
348000,-193264	29112
348000,-195264	29318
348000,-197264	29657
348000,-199264	30125
348000,-201264	30717
348000,-203264	31425
348000,-205264	32242
348000,-207264	33159
348000,-209264	34169
348000,-211264	35264
348000,-213264	36435
348000,-215264	37676
348000,-217264	38981
348000,-219264	40342
348000,-221264	41755
348000,-223264	43215
348000,-225264	44716
348000,-227264	46255
348000,-229264	47828
348000,-231264	49432
348000,-233264	51064
348000,-235264	52721
348000,-237264	54401
348000,-239264	56103
348000,-241264	57823
350000,-127264	71131
350000,-129264	69337
350000,-131264	67555
350000,-133264	65785
350000,-135264	64029
350000,-137264	62287
350000,-139264	60561
350000,-141264	58853
350000,-143264	57164
350000,-145264	55495
350000,-147264	53849
350000,-149264	52227
350000,-151264	50633
350000,-153264	49068
350000,-155264	47536
350000,-157264	46040
350000,-159264	44583
350000,-161264	43170
350000,-163264	41805
350000,-165264	40493
350000,-167264	39239
350000,-169264	38049
350000,-171264	36928
350000,-173264	35884
350000,-175264	34924
350000,-177264	34054
350000,-179264	33282
350000,-181264	32614
350000,-183264	32058
350000,-185264	31618
350000,-187264	31300
350000,-189264	31108
350000,-191264	31044
350000,-193264	31108
350000,-195264	31300
350000,-197264	31618
350000,-199264	32058
350000,-201264	32614
350000,-203264	33282
350000,-205264	34054
350000,-207264	34924
350000,-209264	35884
350000,-211264	36928
350000,-213264	38049
350000,-215264	39239
350000,-217264	40493
350000,-219264	41805
350000,-221264	43170
350000,-223264	44583
350000,-225264	46040
350000,-227264	47536
350000,-229264	49068
350000,-231264	50633
350000,-233264	52227
350000,-235264	53849
350000,-237264	55495
350000,-239264	57164
350000,-241264	58853
352000,-127264	72027
352000,-129264	70256
352000,-131264	68497
352000,-133264	66752
352000,-135264	65022
352000,-137264	63308
352000,-139264	61610
352000,-141264	59932
352000,-143264	58274
352000,-145264	56638
352000,-147264	55026
352000,-149264	53440
352000,-151264	51883
352000,-153264	50357
352000,-155264	48866
352000,-157264	47412
352000,-159264	45998
352000,-161264	44630
352000,-163264	43311
352000,-165264	42046
352000,-167264	40840
352000,-169264	39697
352000,-171264	38625
352000,-173264	37628
352000,-175264	36713
352000,-177264	35887
352000,-179264	35155
352000,-181264	34523
352000,-183264	33998
352000,-185264	33584
352000,-187264	33285
352000,-189264	33104
352000,-191264	33044
352000,-193264	33104
352000,-195264	33285
352000,-197264	33584
352000,-199264	33998
352000,-201264	34523
352000,-203264	35155
352000,-205264	35887
352000,-207264	36713
352000,-209264	37628
352000,-211264	38625
352000,-213264	39697
352000,-215264	40840
352000,-217264	42046
352000,-219264	43311
352000,-221264	44630
352000,-223264	45998
352000,-225264	47412
352000,-227264	48866
352000,-229264	50357
352000,-231264	51883
352000,-233264	53440
352000,-235264	55026
352000,-237264	56638
352000,-239264	58274
352000,-241264	59932
354000,-127264	72966
354000,-129264	71218
354000,-131264	69484
354000,-133264	67764
354000,-135264	66061
354000,-137264	64374
354000,-139264	62706
354000,-141264	61058
354000,-143264	59431
354000,-145264	57828
354000,-147264	56250
354000,-149264	54699
354000,-151264	53179
354000,-153264	51692
354000,-155264	50240
354000,-157264	48827
354000,-159264	47456
354000,-161264	46131
354000,-163264	44856
354000,-165264	43635
354000,-167264	42474
354000,-169264	41377
354000,-171264	40349
354000,-173264	39396
354000,-175264	38523
354000,-177264	37737
354000,-179264	37041
354000,-181264	36442
354000,-183264	35945
354000,-185264	35553
354000,-187264	35271
354000,-189264	35101
354000,-191264	35044
354000,-193264	35101
354000,-195264	35271
354000,-197264	35553
354000,-199264	35945
354000,-201264	36442
354000,-203264	37041
354000,-205264	37737
354000,-207264	38523
354000,-209264	39396
354000,-211264	40349
354000,-213264	41377
354000,-215264	42474
354000,-217264	43635
354000,-219264	44856
354000,-221264	46131
354000,-223264	47456
354000,-225264	48827
354000,-227264	50240
354000,-229264	51692
354000,-231264	53179
354000,-233264	54699
354000,-235264	56250
354000,-237264	57828
354000,-239264	59431
354000,-241264	61058
356000,-127264	73947
356000,-129264	72223
356000,-131264	70514
356000,-133264	68820
356000,-135264	67143
356000,-137264	65484
356000,-139264	63845
356000,-141264	62227
356000,-143264	60632
356000,-145264	59061
356000,-147264	57517
356000,-149264	56002
356000,-151264	54518
356000,-153264	53068
356000,-155264	51655
356000,-157264	50281
356000,-159264	48951
356000,-161264	47668
356000,-163264	46435
356000,-165264	45257
356000,-167264	44139
356000,-169264	43084
356000,-171264	42098
356000,-173264	41185
356000,-175264	40351
356000,-177264	39601
356000,-179264	38939
356000,-181264	38370
356000,-183264	37897
356000,-185264	37526
356000,-187264	37259
356000,-189264	37097
356000,-191264	37044
356000,-193264	37097
356000,-195264	37259
356000,-197264	37526
356000,-199264	37897
356000,-201264	38370
356000,-203264	38939
356000,-205264	39601
356000,-207264	40351
356000,-209264	41185
356000,-211264	42098
356000,-213264	43084
356000,-215264	44139
356000,-217264	45257
356000,-219264	46435
356000,-221264	47668
356000,-223264	48951
356000,-225264	50281
356000,-227264	51655
356000,-229264	53068
356000,-231264	54518
356000,-233264	56002
356000,-235264	57517
356000,-237264	59061
356000,-239264	60632
356000,-241264	62227
358000,-127264	74969
358000,-129264	73269
358000,-131264	71585
358000,-133264	69917
358000,-135264	68267
358000,-137264	66636
358000,-139264	65026
358000,-141264	63438
358000,-143264	61874
358000,-145264	60336
358000,-147264	58825
358000,-149264	57344
358000,-151264	55896
358000,-153264	54483
358000,-155264	53107
358000,-157264	51772
358000,-159264	50482
358000,-161264	49238
358000,-163264	48046
358000,-165264	46908
358000,-167264	45830
358000,-169264	44815
358000,-171264	43868
358000,-173264	42993
358000,-175264	42195
358000,-177264	41478
358000,-179264	40846
358000,-181264	40304
358000,-183264	39855
358000,-185264	39502
358000,-187264	39248
358000,-189264	39095
358000,-191264	39044
358000,-193264	39095
358000,-195264	39248
358000,-197264	39502
358000,-199264	39855
358000,-201264	40304
358000,-203264	40846
358000,-205264	41478
358000,-207264	42195
358000,-209264	42993
358000,-211264	43868
358000,-213264	44815
358000,-215264	45830
358000,-217264	46908
358000,-219264	48046
358000,-221264	49238
358000,-223264	50482
358000,-225264	51772
358000,-227264	53107
358000,-229264	54483
358000,-231264	55896
358000,-233264	57344
358000,-235264	58825
358000,-237264	60336
358000,-239264	61874
358000,-241264	63438
360000,-127264	76030
360000,-129264	74354
360000,-131264	72695
360000,-133264	71053
360000,-135264	69430
360000,-137264	67827
360000,-139264	66246
360000,-141264	64688
360000,-143264	63155
360000,-145264	61649
360000,-147264	60171
360000,-149264	58724
360000,-151264	57311
360000,-153264	55933
360000,-155264	54594
360000,-157264	53297
360000,-159264	52044
360000,-161264	50839
360000,-163264	49685
360000,-165264	48586
360000,-167264	47545
360000,-169264	46568
360000,-171264	45657
360000,-173264	44817
360000,-175264	44052
360000,-177264	43365
360000,-179264	42762
360000,-181264	42244
360000,-183264	41816
360000,-185264	41480
360000,-187264	41238
360000,-189264	41092
360000,-191264	41044
360000,-193264	41092
360000,-195264	41238
360000,-197264	41480
360000,-199264	41816
360000,-201264	42244
360000,-203264	42762
360000,-205264	43365
360000,-207264	44052
360000,-209264	44817
360000,-211264	45657
360000,-213264	46568
360000,-215264	47545
360000,-217264	48586
360000,-219264	49685
360000,-221264	50839
360000,-223264	52044
360000,-225264	53297
360000,-227264	54594
360000,-229264	55933
360000,-231264	57311
360000,-233264	58724
360000,-235264	60171
360000,-237264	61649
360000,-239264	63155
360000,-241264	64688
362000,-127264	77128
362000,-129264	75477
362000,-131264	73842
362000,-133264	72227
362000,-135264	70631
362000,-137264	69056
362000,-139264	67503
362000,-141264	65975
362000,-143264	64473
362000,-145264	62998
362000,-147264	61553
362000,-149264	60139
362000,-151264	58760
362000,-153264	57417
362000,-155264	56114
362000,-157264	54852
362000,-159264	53635
362000,-161264	52466
362000,-163264	51349
362000,-165264	50287
362000,-167264	49282
362000,-169264	48340
362000,-171264	47463
362000,-173264	46656
362000,-175264	45921
362000,-177264	45263
362000,-179264	44685
362000,-181264	44190
362000,-183264	43781
362000,-185264	43460
362000,-187264	43229
362000,-189264	43090
362000,-191264	43044
362000,-193264	43090
362000,-195264	43229
362000,-197264	43460
362000,-199264	43781
362000,-201264	44190
362000,-203264	44685
362000,-205264	45263
362000,-207264	45921
362000,-209264	46656
362000,-211264	47463
362000,-213264	48340
362000,-215264	49282
362000,-217264	50287
362000,-219264	51349
362000,-221264	52466
362000,-223264	53635
362000,-225264	54852
362000,-227264	56114
362000,-229264	57417
362000,-231264	58760
362000,-233264	60139
362000,-235264	61553
362000,-237264	62998
362000,-239264	64473
362000,-241264	65975
364000,-127264	78262
364000,-129264	76635
364000,-131264	75026
364000,-133264	73436
364000,-135264	71867
364000,-137264	70320
364000,-139264	68796
364000,-141264	67297
364000,-143264	65825
364000,-145264	64381
364000,-147264	62967
364000,-149264	61587
364000,-151264	60240
364000,-153264	58931
364000,-155264	57662
364000,-157264	56435
364000,-159264	55253
364000,-161264	54119
364000,-163264	53037
364000,-165264	52009
364000,-167264	51038
364000,-169264	50129
364000,-171264	49284
364000,-173264	48507
364000,-175264	47801
364000,-177264	47169
364000,-179264	46615
364000,-181264	46140
364000,-183264	45748
364000,-185264	45441
364000,-187264	45221
364000,-189264	45088
364000,-191264	45044
364000,-193264	45088
364000,-195264	45221
364000,-197264	45441
364000,-199264	45748
364000,-201264	46140
364000,-203264	46615
364000,-205264	47169
364000,-207264	47801
364000,-209264	48507
364000,-211264	49284
364000,-213264	50129
364000,-215264	51038
364000,-217264	52009
364000,-219264	53037
364000,-221264	54119
364000,-223264	55253
364000,-225264	56435
364000,-227264	57662
364000,-229264	58931
364000,-231264	60240
364000,-233264	61587
364000,-235264	62967
364000,-237264	64381
364000,-239264	65825
364000,-241264	67297
366000,-127264	79430
366000,-129264	77827
366000,-131264	76243
366000,-133264	74680
366000,-135264	73137
366000,-137264	71618
366000,-139264	70122
366000,-141264	68652
366000,-143264	67209
366000,-145264	65796
366000,-147264	64413
366000,-149264	63064
366000,-151264	61750
366000,-153264	60474
366000,-155264	59237
366000,-157264	58044
366000,-159264	56895
366000,-161264	55795
366000,-163264	54746
366000,-165264	53750
366000,-167264	52812
366000,-169264	51933
366000,-171264	51118
366000,-173264	50370
366000,-175264	49690
366000,-177264	49082
366000,-179264	48550
366000,-181264	48095
366000,-183264	47719
366000,-185264	47425
366000,-187264	47213
366000,-189264	47086
366000,-191264	47044
366000,-193264	47086
366000,-195264	47213
366000,-197264	47425
366000,-199264	47719
366000,-201264	48095
366000,-203264	48550
366000,-205264	49082
366000,-207264	49690
366000,-209264	50370
366000,-211264	51118
366000,-213264	51933
366000,-215264	52812
366000,-217264	53750
366000,-219264	54746
366000,-221264	55795
366000,-223264	56895
366000,-225264	58044
366000,-227264	59237
366000,-229264	60474
366000,-231264	61750
366000,-233264	63064
366000,-235264	64413
366000,-237264	65796
366000,-239264	67209
366000,-241264	68652
368000,-127264	80630
368000,-129264	79052
368000,-131264	77493
368000,-133264	75956
368000,-135264	74440
368000,-137264	72947
368000,-139264	71479
368000,-141264	70037
368000,-143264	68624
368000,-145264	67240
368000,-147264	65888
368000,-149264	64570
368000,-151264	63287
368000,-153264	62042
368000,-155264	60838
368000,-157264	59676
368000,-159264	58560
368000,-161264	57491
368000,-163264	56474
368000,-165264	55509
368000,-167264	54601
368000,-169264	53752
368000,-171264	52965
368000,-173264	52242
368000,-175264	51587
368000,-177264	51003
368000,-179264	50490
368000,-181264	50053
368000,-183264	49692
368000,-185264	49409
368000,-187264	49206
368000,-189264	49084
368000,-191264	49044
368000,-193264	49084
368000,-195264	49206
368000,-197264	49409
368000,-199264	49692
368000,-201264	50053
368000,-203264	50490
368000,-205264	51003
368000,-207264	51587
368000,-209264	52242
368000,-211264	52965
368000,-213264	53752
368000,-215264	54601
368000,-217264	55509
368000,-219264	56474
368000,-221264	57491
368000,-223264	58560
368000,-225264	59676
368000,-227264	60838
368000,-229264	62042
368000,-231264	63287
368000,-233264	64570
368000,-235264	65888
368000,-237264	67240
368000,-239264	68624
368000,-241264	70037
