Re(L)	Im(L)	K_k	q	nonce_seed
NaN	NaN	NaN	NaN	
2.998934166301154	-0.07538411016726786	1.571354379638247	8.880898149045126e-05	
0.9999651631975057	0.00834699894487073	1.636639742148196	0.01037172062294768	
0.9999999592719875	0.000285405016470121	1.577647492728916	0.001089210543323769	
0.9999092239626318	0.0134738203360226	1.66728132956883	0.01512717961449483	
0.9116382820520071	0.4109934825484038	3.134610893970358	0.204568707807941	
0.9116382820520071	0.4109934825484038	3.134610893970358	0.204568707807941	
0.9994043490387216	0.03451010174556352	1.74640876689104	0.02720869683799652	
0.9325359847770529	0.3610770514667088	2.874013176087265	0.1753772841117962	
0.9966242897551673	0.08209765569130779	1.901474797516743	0.05011105738889833	
0.9995834432586079	0.02886069928579801	1.725604948147451	0.0240593536308903	
0.9979307740636821	0.06429751298969721	1.846110114958013	0.04204627295096031	
0.9992682671884493	0.03824827042094823	1.759718057669738	0.02921362077865109	
0.9485181937675949	0.3167226485300021	2.678085230090095	0.1523248931779122	
0.9999744625187602	0.007146629297546418	1.632253464438722	0.009687353449949825	
0.9988224864756938	0.04851433304202402	1.824500317793151	0.03886527560384338	
0.7999374531667929	0.6000833867230662	5.456227074983721	0.4047438397377811	
0.9999993773199242	0.001115956882626757	1.587773770696463	0.002694782213801102	
0.9999993773199242	0.001115956882626757	1.587773770696463	0.002694782213801102	
0.9999970107961557	0.002445076430967116	1.599529342689387	0.004552277842627309	
0.8174334251155505	0.5760230859122399	4.656087043368166	0.3463710739067909	
0.9999944982561899	0.003317145964683983	1.606859416052492	0.005707047454919019	
0.9989377728582666	0.04607956116290923	1.814306050956905	0.03735805845813701	
0.9999999849314412	0.0001736004533438075	1.575690961769713	0.0007783994448091102	
0.9821667683764077	0.1880118057384801	2.408118552502471	0.118883415875001	
0.9770593246513635	0.2129673123083013	2.301799014082306	0.1051402945457283	
0.8987469750960095	0.4384676439097562	3.763770995402559	0.2687422206924406	
0.9838100110161961	0.1792145703460297	2.194825500548918	0.09096227150828648	
0.992027693294673	0.1260200608492562	2.033628714170186	0.06889052970156294	
0.9998496391768728	0.01734067581951154	1.686696452327585	0.01811771464605355	
0.9999435022933808	0.01062977992469948	1.648427472730055	0.01220636258437862	
0.9383182064706557	0.3457729651168407	2.803206936681844	0.1671594245604003	
0.9999873160298423	0.005036643667393758	1.6175519054875	0.007386813432043371	
0.9999576748955202	0.009200457463898035	1.64114887425887	0.01107430018958098	
0.9995347750453708	0.03049972909715755	1.747451013980456	0.02736597837082335	
0.9999999995491436	3.002853305379017e-05	1.57231595440199	0.0002417977791584431	
0.9999999779823892	0.0002098457082062852	1.576351487901861	0.0008833510401750936	
0.9999999992607669	3.845082815859643e-05	1.572586645209183	0.000284856881892345	
0.9999726776543778	0.007392154268806413	1.633729861527456	0.009917810310392128	
0.999907040860184	0.01363486847132069	1.662846027642456	0.01444156144985595	
0.9998164501806002	0.0191589652190164	1.687152138455558	0.01818769686221768	
0.9999917470031745	0.00406274852027598	1.611238485405667	0.006395663249232006	
0.9168986316201201	0.3991201565107322	3.500787707005544	0.2429497945118848	
0.8621687870626014	0.5066211430793258	4.310764472406947	0.3180352490467979	
0.9969717081474588	0.0777651152737399	1.944776712538508	0.05633588724048516	
0.9986346126053776	0.05223897497565909	1.807208057519254	0.03630609908016028	
0.8266202868218976	0.5627600744673379	4.464942309699319	0.3309389983832928	
0.9999999995713107	2.92810294021791e-05	1.572289177335331	0.0002375381184466859	
0.9762856832291583	0.2164861767452498	2.313265572666989	0.1066388809067863	
0.9999997471783013	0.0007110860239436361	1.583352728821138	0.001994435660436018	
0.9996472717792686	0.02655808773735621	1.729850652279476	0.02470362233552887	
0.9967035122215977	0.08113019613640468	1.958506237757248	0.05829477335001772	
0.9977479387393536	0.06707496359574955	1.85488358252549	0.04333236578968079	
0.9999999999251074	1.223868151629543e-05	1.571631166492176	0.0001328512150657573	
0.9533858542785983	0.3017538945257662	2.617729290963505	0.1450222545753623	
0.9996217938251861	0.02750035108352446	1.734093988629959	0.02534673921248307	
0.9973501485165779	0.07275081617384148	1.872641305382102	0.04592606001696081	
0.9999809083162191	0.006179239683761212	1.624487197203908	0.008473364279981193	
0.9776357842688328	0.2103051908942434	2.507700830987893	0.1314552674023086	
0.9999862048254274	0.005252633514569842	1.618897871992683	0.007597867711706877	
0.8847902149259611	0.4659895659467834	3.493970031298776	0.2422619698904596	
0.994555212594834	0.1042109835883171	2.052875959487637	0.07157270564367736	
0.9037076627410439	0.4281500441470486	3.237098134407377	0.2156122546280067	
0.9963697155643483	0.08513160345147751	1.974832244183372	0.06061499900114134	
0.9999819324515773	0.00601122037602313	1.625240056772576	0.008591174918560037	
0.9956718222459475	0.09293880989895553	1.934449856550299	0.05485782570504147	
0.9999995510121581	0.0009476156827568589	1.58601300402684	0.002415972441823736	
0.9972399490916981	0.07424610384112655	1.93041386608539	0.05427906907815729	
0.9999999169840772	0.0004074700464502785	1.57949735018271	0.001382898470282215	
0.9916764429022004	0.1287549323048984	2.041805688615739	0.07003161767087726	
0.999888673888265	0.01492112026514436	1.668724648693794	0.01535009389261415	
0.8130516015330894	0.5821916293150207	4.752363016141425	0.353914652256403	
0.9999999999965948	2.609656793706928e-06	1.571094150160415	4.739781423777878e-05	
0.9999911353890271	0.004210598931813193	1.613307626327381	0.006720713401658235	
0.9998044604902574	0.01977475116873506	1.698443834824862	0.0199188092264866	
0.9999996987463465	0.0007762133832149717	1.584110903386394	0.002114609088037747	
0.9987760333038882	0.04946145264496688	1.828453310271071	0.03944857932908192	
0.9646723972509776	0.2634523979432565	2.756541256955604	0.1616739849179746	
0.9611061840252528	0.2761791140336589	2.520084563267881	0.1329989586138112	
0.8350743736456997	0.5501370651758	4.758994321150989	0.354428712590185	
0.8950400923848706	0.4459856870166152	3.352366009418991	0.2277499241343239	
0.9999971789244275	0.002375319596711798	1.598975861696852	0.004464975863224032	
0.9964673374738577	0.08398122020881149	1.970138181135681	0.05994889537680075	
0.9958292499502571	0.09123653294326951	1.999756508602744	0.06413831593489937	
0.9894470262058727	0.1448950735268634	2.090198599187512	0.076736890672558	
0.9999506142398127	0.009938263501302228	1.648381252479818	0.01219918171001517	
0.9999998873746891	0.0004746057406375428	1.580378320552646	0.001522703041277249	
0.9148699138441516	0.4037487346640168	3.093538077918296	0.2000749863445091	
0.9999999999999999	1.58842204199118e-08	1.57080625258203	1.57973559077056e-06	
0.9999998796857515	0.000490538971391972	1.580592158767729	0.001556631971190517	
0.9995337480270201	0.0305333678957559	1.731862128407053	0.02500857875204704	
0.9995939655192162	0.0284939308900685	1.724220793083815	0.02384914169783481	
0.9999996695492973	0.0008129583607325002	1.584529416700751	0.002180932652484814	
0.9994751672426003	0.03239429062930736	1.738723719707109	0.02604751720333011	
0.9705896446741011	0.2407399876451814	2.394273521231659	0.1171128357606461	
0.9868482714219836	0.1616492783511356	2.293444855188562	0.1040459340464745	
0.9921033609954292	0.1254229687958834	2.140490464861146	0.08362022394195952	
0.9622649009917602	0.27211442504821	2.798852745551781	0.1666499487281919	
0.7671605757713195	0.641455104416683	6.352426360053021	0.4598537344324226	
0.9410254498903121	0.3383357838874507	3.142812529589651	0.2054613470268857	
0.999999999999998	6.290629764559996e-08	1.570821172940482	3.954371249596838e-06	
0.8922437081852053	0.451554166411865	3.390388304779234	0.2316892478518918	
0.9999300172308062	0.01183049621949839	1.654317066587723	0.01312055910453755	
0.9763057927059813	0.2163954692888587	2.535360878635081	0.1348973196719539	
0.9713367523905946	0.2377076217862878	2.633821746365443	0.1469788455191499	
0.9997778100543726	0.02107914900755692	1.704620136027898	0.02086324824531312	
0.9999985831533901	0.001683357125656233	1.593476375790566	0.003596705448591813	
0.9999987810139107	0.001561400234649429	1.592345984211115	0.003418051287695426	
0.9502722656481013	0.3114203287199221	2.65641136275383	0.1497136837827371	
0.9996959596045337	0.0246574197833114	1.721213067056472	0.02339206558076961	
0.9999138479283032	0.01312618456422468	1.660477058464678	0.01407498615950271	
0.9999539100675298	0.009600923948173391	1.646499967219959	0.01190681574451271	
0.9389709109156382	0.3439965529685676	2.795221219298545	0.1662246622933355	
0.9999999999998754	4.992063033081071e-07	1.570895178608018	1.573250718002467e-05	
0.9999180455285651	0.01280243048543699	1.663791758743497	0.01458783125181465	
0.9984502031623063	0.05565241958036921	1.85414841059792	0.04322471607108229	
0.999635471457038	0.02699859634990913	1.718529418954233	0.02298390031563191	
0.9990384331411024	0.04384300522285137	1.779094529537869	0.03211893030199208	
0.8652347730230604	0.5013669190839511	3.783999212460699	0.2706676700112078	
0.9957907678054171	0.09165558768290044	1.930567050647986	0.05430104683455325	
0.9771110449414119	0.2127298894220138	2.518688650780491	0.1328251662593617	
0.9881445501997888	0.1535263752925118	2.116236919767494	0.08031136564883751	
0.9283787793155324	0.3716353617682286	2.92510722546987	0.1812298263572768	
0.9987071305691598	0.05083372256991567	1.834169381641785	0.04029091784041477	
0.9999981042588502	0.001947171976421799	1.595839568349466	0.003969994577134665	
0.9999998941814353	0.0004600403441983503	1.580180758973093	0.001491354625689541	
0.9966665412389357	0.08158312064892358	1.899898662125336	0.0498831275031335	
0.9999963753622788	0.00269244541344897	1.601452500323951	0.004855505062794932	
0.8697152322865177	0.4935538620341336	3.7149326444824	0.2640595934047037	
0.9930137985880667	0.1179982873337514	2.00965529716889	0.06553135684751252	
0.9941115195385987	0.1083618323980287	2.069933744182333	0.07393891563194031	
0.981282755210134	0.1925724651325009	2.428285692806188	0.1214524772075833	
0.9960327801538651	0.08898708253989633	1.922476831958706	0.05313910515150593	
0.9977919029345681	0.06641775694957977	1.898411084493708	0.04966791606843493	
0.9999999775043953	0.0002121113125010138	1.576411366303303	0.0008928640865055541	
0.9998246966585839	0.01872367355971401	1.685316685787382	0.01790575855296805	
0.9999998146023037	0.0006089296824625763	1.582196902387358	0.001811177584590393	
0.9995849334272556	0.02880904137990349	1.725410267386539	0.02402979253583119	
0.9999440137262566	0.01058156004678946	1.648186922863742	0.01216898915350086	
0.9999665863461543	0.00817472881624225	1.638353228920238	0.01063881739437424	
0.9998432412644767	0.01770573064703855	1.680977058886082	0.01723854921360491	
0.9899162518436424	0.1416538539392217	2.080454559347322	0.07539329546577732	
0.999981477444379	0.006086441337669867	1.62571507914847	0.008665494376373753	
0.9455213736633565	0.325560028175695	3.07327994853997	0.1978440656176088	
0.9972714527139042	0.07382174206762604	1.875968743064597	0.04641067739574179	
0.9281972189008973	0.3720885953971709	3.335461734376067	0.2259883634774404	
0.9999274455792737	0.01204589462466537	1.655354402811837	0.01328140803504921	
0.9999199407256379	0.01265354255679936	1.658251717069795	0.0137303973341096	
0.9978951556967625	0.06484796247326757	1.847853668017926	0.04230210422768534	
1	7.362858107628941e-09	1.570802271812701	9.461780751743807e-07	
0.9996383796082238	0.02689070497857509	1.731351329328244	0.02493115423594491	
0.9967791332238164	0.08019575780287488	1.895642980666949	0.04926721963355857	
0.9873622592318752	0.158479554026781	2.131249740487417	0.08236185782449425	
0.9999999999901298	4.443014948526805e-06	1.571220901377385	6.756857800141754e-05	
0.8494462493640751	0.5276751552245998	4.514627681662389	0.3350096457052396	
0.9999890618974181	0.004677187779169476	1.616516994629041	0.007224474492106404	
0.8760269354144533	0.4822621781027009	3.620389033851819	0.2548569339832332	
0.9990985436146098	0.0424511501277124	1.799015355330415	0.03508930479542016	
0.9999466287063319	0.01033149257567173	1.650554532522643	0.01253671807213277	
0.9999999999999644	2.670335377264777e-07	1.570861465320038	1.036701078709174e-05	
0.9909832762054652	0.1339856196801832	2.057458264129364	0.07220934800229954	
0.999392526396238	0.03485079889105511	1.747635445212024	0.02739380527660813	
0.9998706680168047	0.01608251347360943	1.673907902307424	0.01614982971042355	
0.9986336416760049	0.05225753259503053	1.807269127266785	0.03631515881090631	
0.9892813742391717	0.1460217880436195	2.226868669155636	0.09524714972741306	
0.9996310500910447	0.02716180579186901	1.71915448178521	0.02307899681967179	
0.9999966946859059	0.002571112067387173	1.600516648155188	0.00470797057195109	
0.9240279827553708	0.3823248449748462	2.978878612235715	0.1873200557191242	
0.9950565810563625	0.09930961935493836	2.032777690939489	0.0687716343256142	
0.9999999999999978	6.615999450246129e-08	1.570822022062452	4.089512121362731e-06	
0.9997475876876455	0.02246688480260555	1.711111982492212	0.02185409083804201	
0.9997863418608887	0.02067052559618107	1.693438364840692	0.01915214233072341	
0.9973027887591012	0.07339719022768967	1.926947556675046	0.05378151149643465	
0.9990127260550757	0.04442491620708043	1.807348932233892	0.03632699768914916	
0.9991086259079179	0.04221319268181567	1.773510134970247	0.03128324549310117	
0.9981806968202903	0.06029342000052487	1.833350222060887	0.04017028535800191	
0.9999999860920524	0.0001667809787160663	1.575576202544377	0.0007601630047667139	
0.9999999913942584	0.0001311925421565992	1.574866838021449	0.0006474228261251575	
0.7510833030071006	0.6602074461439706	6.748634496309942	0.481314799482591	
0.9974743253917996	0.07102795354066127	1.867273566089195	0.0451433664869562	
0.9999999996973269	2.460378327408321e-05	1.572125580256116	0.0002115125214263833	
0.9882681875863016	0.1527284826248412	2.11382370109649	0.07998105311364186	
0.9997959914325451	0.0201984037838195	1.700458208410823	0.02022702277832827	
0.9966604612509624	0.08165736328720613	1.960656957751633	0.05860099476663028	
0.9999999136503983	0.0004155709275824308	1.579564354526583	0.001393533016614663	
0.7980711022975712	0.6025632876947778	5.111005498452615	0.3807297877943267	
0.9174002937996398	0.3979657032161623	3.493497076770319	0.2422142175888874	
0.9999717559808375	0.007515799398614528	1.632110653877024	0.009665056034600293	
0.9998975859651302	0.01431144930134454	1.665957378580753	0.01492261623780733	
0.9999761381262746	0.006908196440589213	1.630806884646203	0.009461449723567529	
0.9358046189383781	0.3525190990196093	3.222091565686826	0.2140101761815992	
0.9964672227361848	0.08398258160139238	1.970143735924601	0.05994968410044731	
0.764271652722057	0.6448944416301753	6.451992482503607	0.4654004996759137	
0.9997307965637663	0.02320203443617126	1.703692671358381	0.02072153608845502	
0.9997428382284368	0.02267724434206564	1.701592877522785	0.02040055468131677	
0.999496137808251	0.0317406758968638	1.752917516237654	0.02819013661126973	
0.9999931782593163	0.003693702049598884	1.609631377847066	0.006143051813017356	
0.9997950069580837	0.02024707538597626	1.700689102563826	0.02026233953952106	
0.944779754961498	0.3277059880668824	3.084841350114791	0.1991184405773082	
0.9845496068720396	0.1751058868459659	2.351586986006748	0.1116181801335325	
0.9999888503714407	0.004722195760917551	1.615559416151555	0.007074219813314428	
0.902186042548878	0.4313471277637004	3.713905053933723	0.2639605505151094	
0.9988944642845631	0.04700903340482303	1.8182034478663	0.03793479000239389	
0.9994882415265839	0.03198835804003109	1.754004779269962	0.0283539039788853	
0.9998075630815769	0.01961725783279882	1.689072094158143	0.01848245102328516	
0.9999799372852499	0.006334431859897499	1.62539689259173	0.008615713812561461	
0.9988078155456264	0.04881544432834743	1.795866094987895	0.03462082827402701	
0.909846651308347	0.4149446602897635	3.603018497539046	0.2531461306902812	
0.999705689882006	0.02425971181903028	1.719391417437135	0.02311503946558541	
0.9998076201969812	0.01961434668932225	1.697678955605304	0.01980172924836515	
0.9997846853801465	0.02075049106217639	1.703071045905029	0.02062653304858176	
0.8043946364849245	0.5940953364522282	5.35705781866525	0.3980173477898414	
0.9999999999700848	7.735005991837053e-06	1.571410792726346	9.778572830301721e-05	
0.9999999320165442	0.0003687369075298359	1.578891088504235	0.001286665827492836	
0.9902907365987569	0.139011715357705	2.072522886551535	0.07429718962394186	
0.9999984146099485	0.001780667736949477	1.594018842810325	0.003682417828588616	
0.9999957626543798	0.002911129211367491	1.603105750517669	0.005116030038499474	
0.9999758113689201	0.006955334432647397	1.631093904796242	0.009506279915659112	
0.9029102750116529	0.4298290768181945	3.703414721025946	0.2629482290164993	
0.9997747591003391	0.02122336132329173	1.695705572406658	0.01949954154181431	
0.9998351657509543	0.01815602731221101	1.690666506945414	0.01872709983203044	
0.9987674277666759	0.04963491948555859	1.82917659809871	0.03955523876483562	
0.99999926186136	0.001215021289944736	1.588769098946822	0.002852319734607164	
0.9948803088002427	0.1010602353130732	1.958928689054769	0.05835493590700822	
0.9040150560845911	0.4275006179789377	3.233076331416567	0.2151833924676474	
0.9987352262717561	0.0502787012949236	1.800732665564186	0.03534459368717154	
0.9999999999999998	2.221044770526701e-08	1.570808738349496	1.975356363964695e-06	
0.999208970065074	0.03976724960937001	1.787615177832655	0.03339147506093169	
0.9965445374875957	0.08306012764036651	1.966380037958753	0.05941501598110989	
0.9999908374192282	0.004280780021296188	1.613796543269893	0.006797488985502961	
0.9319942980165169	0.3624729348029999	3.27914770327845	0.2200743811149524	
0.9956102269753251	0.09359634577344129	2.009399921600906	0.06549546265120201	
0.9999998976293911	0.0004524833779705551	1.580077446182694	0.001474960514727197	
0.9978272918126979	0.065883956421401	1.896224806834176	0.04935146645081429	
0.95107515983191	0.3089596095781887	2.646464433240933	0.1485111261987564	
0.9998283407910118	0.01852805848146	1.692465836048006	0.01900305245753183	
0.96226439188458	0.2721162253725408	2.505142605016041	0.1311358361290226	
0.9961457845823596	0.08771303129407448	1.985367965652867	0.06210710589720372	
0.9838983749534683	0.1787288106711514	2.193320407092107	0.09076019453128999	
0.9999850397581328	0.005469941491968633	1.621772472245846	0.00804832571801572	
0.9996367235034659	0.02695219885752008	1.731628435483409	0.02497315810316371	
0.9987535098186695	0.04991419261982324	1.799523076756484	0.03516479353924428	
0.9999924559914196	0.003884322366737328	1.6100320911447	0.006206049292616452	
0.999791131066826	0.0204375693299515	1.701591762146986	0.02040038412854572	
0.9883654377340084	0.1520978681404247	2.11191736969475	0.07971998221048918	
0.8668332846340888	0.4985980913024806	4.238315888535721	0.3118265863993538	
0.9873431226554498	0.158598733112801	2.131611678406547	0.08241119885205286	
0.8423124981812848	0.5389894761566342	4.167205527686342	0.3056403421981641	
0.9942601060342339	0.106989913303984	2.06429182611118	0.07315740614123228	
0.9999394331575929	0.0110059082529231	1.650292780793804	0.01249607668681976	
0.9999999547331057	0.0003008883293089337	1.577894656231787	0.001128460792190967	
0.9998494127541522	0.01735372626201586	1.679460225271926	0.01700513547959475	
0.924664736196151	0.3807822548849966	3.387454896415349	0.2313864545604636	
0.993778948438671	0.1113705600243144	2.082321854003243	0.07565102770225285	
0.9994720164505806	0.03249135780804583	1.75620908647665	0.02868576796364375	
0.7595461960251733	0.6504533619743148	6.361934745091918	0.460388041884538	
0.8976863388951011	0.44063503828124	3.316774730778766	0.2240336927075434	
0.9999793623575728	0.006424551263871423	1.627831079730854	0.008996420605636954	
0.9995155178651784	0.03112442042358535	1.750206888085958	0.02778162990786901	
0.9945600745208119	0.1041645725242381	1.96825045620008	0.05968079162135648	
0.9355831444164949	0.3531064710306849	3.225424903578673	0.2143664783945714	
0.9999498518435747	0.01001467912681406	1.648805208254986	0.01226504458605721	
0.9999824266900458	0.005928432430864891	1.623001833782656	0.008240848226236559	
0.9999477204152977	0.01022528416473788	1.649969570635842	0.01244588838881186	
0.9808438426963125	0.1947956781982889	2.243581783145369	0.09746905679837088	
0.9999999707775716	0.0002417537090243468	1.576902130536273	0.0009708263423120614	
0.9999969088454138	0.002486423056732014	1.600389035610774	0.004687849467427169	
0.9667139501826671	0.2558596070547747	2.719888964078665	0.157326335083957	
0.9575938289007613	0.2881216042770474	2.87852193157572	0.1758963314989127	
0.9987142223385183	0.05069420182593672	1.802109321796402	0.03554915363708531	
0.9999884326997149	0.004809830222326952	1.617412627859184	0.007364968989211739	
0.9999319855661885	0.01166294309597233	1.657770364797228	0.01365583063324525	
0.9996272400842862	0.02730166444510186	1.719689343496882	0.02316035643476121	
0.9060503737709007	0.4231698479211522	3.657957677174954	0.2585357074624856	
0.9999999997689674	2.149570498701499e-05	1.572012037076593	0.0001934488782297967	
0.9984910570997317	0.05491455992594634	1.815970461237362	0.03760443204887885	
0.9997350690497872	0.02301720469599448	1.702954599406107	0.02060873459288179	
0.9584481078464642	0.2852669356331584	2.864167745076002	0.1742421234972888	
0.9999999991330514	4.164009049538846e-05	1.572686639726282	0.0003007621891179527	
0.9997248798846815	0.02345558653197863	1.715691991454353	0.02255199830229125	
0.9937858591957069	0.111308876836713	1.98965352217613	0.0627128797538388	
0.9999999999999972	7.42800864746621e-08	1.570824083719252	4.417632200703074e-06	
0.9999999991832803	4.041583075558327e-05	1.572649342214286	0.000294829639097582	
0.9985764447982796	0.05333932783630232	1.844574659538513	0.04182087459915546	
0.9961673875236351	0.08746734267334177	1.91785906391067	0.05247477049324834	
0.9990140965934806	0.04439408527621441	1.780972452756386	0.03239965816132016	
0.9999321207274514	0.01165134917086546	1.657708410364869	0.01364623243081672	
0.999999990107434	0.0001406596314815579	1.575061121673863	0.0006783030909653202	
0.9999989585536527	0.001443222647364164	1.590966530342961	0.003199947826231705	
0.9998479936757054	0.01743529588697735	1.679812486248026	0.01705935159391528	
0.9998890072485457	0.0148987644963555	1.674561251499151	0.01625054835926716	
0.9817631586185612	0.1901081281253006	2.417375794962088	0.1200641532224533	
0.9996302851089351	0.02718994470441225	1.719262150519225	0.02309537569390575	
0.8426473032054882	0.5384658971564662	4.628097431924584	0.3441495278605523	
0.9562087104701371	0.2926856710210419	2.58236168689356	0.1406975117505767	
0.9999939935889095	0.00346594663893626	1.60796515823267	0.00588101569636494	
0.9997891342448963	0.02053501998637036	1.702052906600364	0.02047089322115722	
0.9999999999451774	1.047115513179345e-05	1.571548301035264	0.0001196660974572127	
0.9373452656666686	0.3484018555235928	3.198840629771782	0.2115178583918893	
0.8305485610730833	0.5569462161640304	4.387232693977935	0.3244871286263533	
0.9999930507542543	0.003728061587399923	1.608961027918551	0.006037646317519105	
0.9978558612933272	0.06544982874349108	1.849757328540964	0.04258128865352837	
0.9992196515690186	0.03949794827948684	1.764098620644913	0.029871844655051	
0.9986188155174226	0.05254009225895931	1.808198457057747	0.03645300635430144	
0.9782697131883189	0.2073363650169555	2.494290488022868	0.1297787450024863	
0.999964128633504	0.008470032245331785	1.637298140091778	0.01047436764426406	
0.9999854180645228	0.005400338722855242	1.619808319920952	0.007740580741014427	
0.91040660028967	0.4137146627193736	3.150363487939955	0.2062817946278581	
0.9724330442420087	0.2331822773416098	2.368637976792454	0.1138194987378212	
0.9989651411853219	0.04548237786868528	1.784666395388181	0.03295142550165516	
0.9999889411020114	0.004702943086833623	1.615436086668685	0.007054864812706779	
0.9999999994537451	3.305313744772911e-05	1.572414835657209	0.0002575273655266393	
0.9988503498082277	0.04793723696648629	1.822088369150042	0.03850905488179078	
0.9979266677594155	0.06436121327778896	1.88998430107389	0.04844717252035746	
0.9987032500757701	0.05090990363469349	1.802823105347602	0.03565518507623053	
0.9999999998399947	1.78888455467564e-05	1.571871055110355	0.0001710190763606437	
0.9936781618435661	0.1122662490474839	1.992517742730852	0.06311737104269663	
0.9860603658285348	0.1663879651359915	2.313829732566767	0.1067125082741197	
0.9943311782510829	0.1063273622254092	1.97473620974043	0.06060137951628228	
0.9059840142984394	0.4233119013631499	3.207414236470469	0.2124383115842877	
0.8363822365882354	0.5481466540257826	4.275858791036644	0.3150556683801992	
0.9999999316469136	0.0003697379722393156	1.578947557311104	0.001295629969093965	
0.9982039280222951	0.0599075794942564	1.832113102338598	0.03998805088364054	
0.8796915301382228	0.4755447526816718	3.56687241860201	0.2495660341101902	
0.999950867074096	0.009912791623134543	1.648239756005176	0.01217719789649458	
0.9965197747868385	0.08335669414503412	1.967590032282211	0.05958696396462633	
0.9998813064430195	0.01540691486964287	1.677119607246778	0.01664474868046691	
0.9746002706816114	0.2239515849181019	2.569966177151076	0.13917372927234	
0.9996697820858614	0.02569682440315029	1.713508070612557	0.02221932642924232	
0.9999957193313206	0.002925973177375974	1.603216498107453	0.005133477230217329	
0.9999932330871405	0.003678828608118684	1.608620627363924	0.005984113492586545	
0.9989269783696934	0.04631297750300922	1.815285491155387	0.03750305345854077	
0.9999999993385388	3.637200155481651e-05	1.572521490909929	0.0002744930501118958	
0.9484801546506748	0.316836544978372	2.678554466554443	0.152381288006428	
0.9987256234441987	0.05046909030284349	1.832651800842476	0.04006741174668621	
0.9999187808704696	0.01274486808538319	1.658683582608723	0.01379728878094814	
0.9997469084426617	0.02249709001938539	1.711252439781944	0.02187550780998253	
0.935379017713271	0.35364684817167	3.22849518697867	0.214694440032764	
0.9879922716637058	0.1545033046015199	2.262881034748686	0.1000238095228362	
0.9998201017517365	0.01896744930524748	1.686346038154697	0.01806389317785997	
0.9999796452019535	0.006380374736271418	1.625664863540164	0.008657638424648393	
0.9939874587501306	0.109493980873185	2.074592786012152	0.07458344605710147	
0.9995555439158355	0.02981131709801296	1.744404146032313	0.02690605453509938	
0.9999999639664366	0.0002684532091582994	1.577344568967863	0.001041101217468147	
0.9998969598106903	0.01435513014008412	1.671802973409165	0.01582520526818659	
0.9999240103541656	0.01232775394151566	1.661299253281967	0.01420224258038678	
0.9945206796508492	0.1045400293993306	2.054226854845669	0.07176046864994198	
0.9999153006501703	0.01301504996838587	1.664901279447039	0.01475938022465427	
0.9724594238317383	0.2330722398760599	2.368267485758849	0.113771759780565	
0.9946446206209036	0.1033541420064948	2.049359207462516	0.07108360683113141	
0.9982574938855281	0.05900826977115014	1.829224171186788	0.03956225337022189	
0.9966399189850387	0.08190770345636374	1.961678292460109	0.05874635314028071	
0.9951029463369622	0.09884394868426154	2.030870393716883	0.06850507491614483	
0.9740862457267115	0.2261768906984984	2.580219932697112	0.1404345259001092	
0.9447443289954252	0.3278081036688748	2.724508557257142	0.157876223917712	
0.9989434120840016	0.0459571480182627	1.81379220196305	0.03728197315544406	
0.9999652952467873	0.00833116450476251	1.639263457371646	0.0107806461405283	
0.9875863524834825	0.1570770396600682	2.273865072429333	0.1014726220395692	
0.9809432483884076	0.1942944760954333	2.241997942143831	0.09725887413263377	
0.9809275183642393	0.1943738761144997	2.436279762695896	0.1224675587088373	
0.9724713521306979	0.2330224651940067	2.611945733593541	0.1443173606785226	
0.9997667592631263	0.02159692275547984	1.70705136431318	0.0212345448945086	
0.9285366599312442	0.37124071862301	2.923162377747288	0.1810082303421018	
0.999999999977003	6.781892665404269e-06	1.571359210528087	8.957770435812888e-05	
0.9903113609137539	0.1388647127428298	2.196690345808202	0.09121254782110336	
0.9833075360557587	0.1819513383736232	2.203321096091203	0.09210153463243659	
0.9920445053091134	0.1258876462803105	2.033232893872974	0.06883523334498028	
0.9981793145196948	0.06031630016000868	1.833423539029976	0.04018108339664511	
0.8701969700838887	0.492704001665117	3.707605916093914	0.2633529489635957	
0.9760928247289788	0.2173540832664594	2.539733253214923	0.1354394714638856	
0.7674364734890516	0.6411249949570583	6.049835163043162	0.4423250943194437	
0.9976439287172303	0.06860460256899562	1.907361269820871	0.0509614705928495	
0.9999999966825809	8.145451572416832e-05	1.573755838224478	0.0004707992211990295	
0.9967169916533813	0.08096442767927975	1.957829941481989	0.05819844615113874	
0.9993050808661466	0.03727405740061405	1.776944204619718	0.03179729831359549	
0.9594863258666222	0.2817551960034987	2.846598214231167	0.1722103850508601	
0.9764797390382036	0.2156091817337141	2.531778331630889	0.1344527063986834	
0.9983295337684721	0.05777665623437524	1.862917001772658	0.04450727831728921	
0.9381382670549685	0.3462608725904511	3.186828041501323	0.2102253818392455	
0.9999999998488904	1.738445006023401e-05	1.571850751183037	0.000167788700440485	
0.9427728067843838	0.33343580309843	2.748682040039763	0.1607446603102767	
0.9742129502948927	0.2256305109636566	2.343387135770617	0.110556461391098	
0.9986405874814985	0.0521246298270549	1.839535096969438	0.04108042070878221	
0.9983588195655952	0.05726838041704346	1.823612440495184	0.03873417266124132	
0.9966835686564852	0.08137483622209869	1.95950431173571	0.05843690138172182	
0.9204669879917098	0.3908203219095311	3.023191989214068	0.1922866092969772	
0.9999999473953444	0.0003243598440904698	1.578261608514876	0.001186728161590753	
0.9999569269972991	0.009281387294918612	1.644702796920275	0.01162736571065186	
0.9996902969081928	0.02488594518215927	1.710346656601336	0.02173737821155269	
0.9954164823010562	0.09563486165301432	1.94259309952942	0.05602368579346	
0.9978890904320756	0.06494122878915057	1.892362017666932	0.04879189922057844	
0.9999616578604124	0.008756872104561223	1.638821925353338	0.01071185302394799	
0.9852162736972977	0.1713151891748403	2.335128220879803	0.1094850488946957	
0.999927391186369	0.01205040892344265	1.65537608418767	0.01328476940195796	
0.9999999999999603	2.818178746666506e-07	1.57086384797326	1.074621381881547e-05	
0.9980458725216956	0.06248548905471826	1.840352918828273	0.04120065145336657	
0.9999096688167006	0.01344076660299384	1.667110472991038	0.015100785174078	
0.99569333891217	0.09270800853181167	1.933751836049469	0.0547577743943168	
0.9941124822681954	0.1083529999518559	1.980805216376891	0.06146141245179282	
0.9998368737258091	0.01806172578134382	1.682502477028878	0.01747317757597838	
0.9999975081322739	0.002232426760903202	1.597825406421697	0.004283463233025775	
0.9882259493494454	0.153001545849666	2.114649424837792	0.08009409730992227	
0.9958911540625554	0.09055831966170613	1.927243088889463	0.0538239502702799	
0.9625928226426772	0.2709521319288765	2.793143639740838	0.1659812070873708	
0.9303476561314222	0.3666786586791887	2.900880511162426	0.1784628117362946	
0.999980112250746	0.006306750588485229	1.625235144579849	0.008590406326425331	
0.9999776464642421	0.006686297318788453	1.62944869867105	0.009249258668263483	
0.9996841686816502	0.02513091497096586	1.711304550890392	0.02188345350406155	
0.9999647801948788	0.008392756984912816	1.636884954449136	0.0104099526707951	
0.9999945530007581	0.003300601280684807	1.605954981582583	0.005564706770912943	
0.8917992240855835	0.4524313692930134	3.396472362547732	0.2323166613098501	
0.9986667409558869	0.05162112463466292	1.805172382405719	0.03600401717174138	
0.9335516119953798	0.3584430048708271	3.25590065780515	0.217612410436429	
0.9886142523004917	0.150472124157067	2.10700657123562	0.07904688433048951	
0.9999999998255098	1.868101744168443e-05	1.571902562834248	0.0001760319466420047	
0.8476009647008177	0.5306341532904222	4.073884518138643	0.2973807597830723	
0.91879784667583	0.3947284090914385	3.044074530684106	0.1946108296228702	
0.9999999472656178	0.0003247595442105492	1.578232633504045	0.001182127543621596	
0.9793527161278808	0.2021589904331304	2.471016012378398	0.126856965304958	
0.9210412409226616	0.3894650594336334	3.016024794542185	0.1914865107833382	
0.9999683654399385	0.007954125934230848	1.634517143883455	0.0100406578399155	
0.9836576299304235	0.1800490685331694	2.37314757676935	0.114400247829882	
0.9999564283181562	0.009334959303400708	1.641847666118404	0.01118309427876825	
0.99999999227688	0.000124282903133673	1.574712365478716	0.0006228689479918746	
0.9994609377011278	0.03283038241602566	1.740317449674864	0.0262885348859397	
0.9703858361410611	0.2415601975011893	2.397078612077197	0.1174720211263854	
0.9237419931562265	0.3830153131139301	2.982426483046662	0.1877194299975672	
0.9999989071498032	0.001478411038691241	1.591294923627075	0.003251878187987777	
0.9999437607429932	0.01060543969666099	1.64830608990627	0.01218750408083478	
0.9333623196947732	0.3589356212108125	3.258731467323323	0.2179128544388341	
